Temperature,Humidity,pH,Rainfall,Label
20.87974371,82.00274423,6.502985292000001,202.9355362,Rice
21.77046169,80.31964408,7.038096361,226.6555374,Rice
23.00445915,82.3207629,7.840207144,263.96424759999996,Rice
26.49109635,80.15836264,6.980400905,242.86403419999996,Rice
20.13017482,81.60487287,7.628472891,262.7173405,Rice
23.05804872,83.37011772,7.073453503,251.05499980000002,Rice
22.70883798,82.63941394,5.70080568,271.3248604,Rice
20.27774362,82.89408619,5.718627177999999,241.97419490000001,Rice
24.51588066,83.53521629999999,6.685346424,230.4462359,Rice
23.22397386,83.03322691,6.336253525,221.2091958,Rice
26.52723513,81.41753846,5.386167788,264.6148697,Rice
23.97898217,81.45061596,7.50283396,250.0832336,Rice
26.80079604,80.88684822,5.108681786,284.4364567,Rice
24.01497622,82.05687182,6.98435366,185.2773389,Rice
25.66585205,80.66385045,6.94801983,209.58697080000002,Rice
24.28209415,80.30025587,7.042299068999999,231.0863347,Rice
21.58711777,82.7883708,6.2490506560000005,276.65524589999995,Rice
23.79391957,80.41817957,6.970859754,206.2611855,Rice
21.8652524,80.1923008,5.953933276,224.55501690000003,Rice
23.57943626,83.58760316,5.85393208,291.29866180000005,Rice
21.32504158,80.47476396,6.442475375,185.49747319999997,Rice
25.15745531,83.11713476,5.070175667,231.38431630000002,Rice
21.94766735,80.97384195,6.012632591,213.3560921,Rice
21.0525355,82.67839517,6.254028451,233.1075816,Rice
23.48381344,81.33265073,7.375482851,224.0581164,Rice
25.0756354,80.52389148,7.778915154,257.0038865,Rice
26.35927159,84.04403589,6.2865001760000006,271.35861370000003,Rice
24.52922681,80.54498576,7.070959995,260.2634026,Rice
20.77576147,84.49774397,6.244841491,240.08106469999998,Rice
22.30157427,80.64416466,6.043304899,197.97912150000002,Rice
21.44653958,84.94375962,5.824709117,272.2017204,Rice
22.17931888,80.33127223,6.3573893660000005,200.0882787,Rice
24.52783742,82.73685569,6.364134967999999,224.67572310000003,Rice
20.26707606,81.63895217,5.01450727,270.4417274,Rice
25.7354293,83.88266234,6.149410611,233.1321372,Rice
26.79533926,82.1480873,5.950660556,193.34739869999999,Rice
26.75754171,81.17734011,5.960370061,272.29990560000005,Rice
23.86330467,83.15250801,5.561398642,285.2493645,Rice
21.01944696,82.95221726,7.416245107000001,298.40184710000005,Rice
24.17298839,83.7287574,5.583370042,257.0343554,Rice
22.78133816,82.06719137,6.430010215,248.7183228,Rice
25.62980105,83.52842314,5.534878156,209.9001977,Rice
25.59704938,80.14509262,6.903985986,200.834898,Rice
23.83067496,84.81360127,6.271478837999999,298.5601175,Rice
26.31355498,82.36698992,7.224285503,265.5355937,Rice
24.8972823,80.52586088,6.13428721,183.6793207,Rice
24.958779,84.47963372,5.206373153,196.95600080000003,Rice
23.24113501,84.59201843,7.782051312999999,233.0453455,Rice
21.66628296,80.70960551,7.062779015,210.8142087,Rice
24.63544858,80.41363018,7.730367824,253.7202781,Rice
23.43121862,83.06310136,5.286203711000001,219.9048349,Rice
20.0454142,80.3477562,6.766240045,208.5810155,Rice
23.85724032,82.22572988,7.382762603,195.0948311,Rice
21.97199397,81.89918197,5.658169482000001,227.3637009,Rice
26.22916897,83.83625819,5.543360237999999,286.5083725,Rice
23.44676801,84.79352417,6.215109715,283.9338466,Rice
25.65553461,83.47021081,7.120272972,217.37885830000002,Rice
24.44345477,82.45432595,5.950647577000001,267.97619480000003,Rice
20.2801937,82.1235421,7.236705436,191.95357380000002,Rice
21.7238313,80.2389895,6.501697816,277.9626192,Rice
20.41447029,82.20802629,7.592490617,245.1511304,Rice
25.75528612,83.51827127,5.875345751,245.6626799,Rice
20.61521424,83.77345559,6.932400225,279.54517169999997,Rice
21.84106875,80.72886384,6.946209881000001,202.38383190000002,Rice
20.08369642,83.29114712,5.739175027000001,263.6372176,Rice
24.45802087,82.74835604,6.738652179,182.5616319,Rice
21.14347496,80.33502926,5.5948196260000005,198.67309419999998,Rice
25.78720567,82.11124033,6.946636369,243.5120414,Rice
23.64124821,80.28597873,5.012139669,263.1103304,Rice
23.43191632,80.56887849,6.363472207999999,269.5039162,Rice
24.97669518,83.891805,6.8804312229999995,204.8001847,Rice
22.72791041,82.17068809999999,7.300410836,260.8875056,Rice
24.87300744,82.84022551,6.587918707999999,295.60944920000003,Rice
21.32376327,83.00320459,7.283736617000001,192.31975359999998,Rice
26.29465461,84.56919326,7.023936392,257.4914906,Rice
22.2286982,81.85872947,6.939083505,278.0791793,Rice
26.73072391,81.78596776,7.868474653,280.4044392,Rice
24.88921174,81.97927117,5.005306977,185.9461429,Rice
26.88444878,81.46033732,6.136131869,194.57665590000002,Rice
22.67846116,83.72874389,7.524080076000001,200.9133156,Rice
26.08867875,80.37979919,5.706943251,182.9043504,Rice
25.42977518,82.94682591,5.758506323,195.35745419999998,Rice
26.40323239,81.05635517,6.349606327,223.36718829999998,Rice
26.04371967,84.96907151,5.9999690260000005,186.7536773,Rice
25.2827223,80.54372813,5.453592032,220.1156708,Rice
22.08576562,83.47038318,6.372576327000001,231.7364957,Rice
23.28617173,81.43321641,5.105588355,242.31706290000002,Rice
25.48591986,81.40633547,5.9353444060000005,182.6549356,Rice
23.67575393,81.03569343,5.17782304,233.7034975,Rice
20.82477109,84.1341879,6.462391607000001,230.22422230000004,Rice
26.92995077,81.91411159,7.069172227,290.67937830000005,Rice
23.83509503,83.88387074,7.473134377,241.20135130000003,Rice
26.52872817,80.12267476,6.158376967000001,218.9163567,Rice
26.46428311,83.85642678,7.549873681,248.2256491,Rice
22.69657794,82.81088865,6.028321557999999,256.9964761,Rice
22.68319059,83.46358271,6.604993475,194.2651719,Rice
21.53346343,82.14004101,6.500343222000001,295.9248796,Rice
21.40865769,83.32931909999999,5.935745417000001,287.57669350000003,Rice
26.54348085,84.67353597,7.072655622,183.62226569999999,Rice
23.35905428,83.59512273,5.333322606,188.41366499999998,Rice
31.48468379,50.66105961,6.898283926,78.67221693,Wheat
23.22281906,59.31511313,6.277126912000001,108.65918570000001,Wheat
22.72115394,59.08183914,6.777815867999999,96.15004854,Wheat
29.1445857,52.03325153,6.636011826,83.12920841,Wheat
22.45072926,59.95707274,6.621852926,102.57466490000002,Wheat
33.86234244,51.18584832,6.534570427,100.9176088,Wheat
26.64588548,57.80160525,6.86457445,101.2399862,Wheat
29.36844736,54.46588987,6.661889181,146.99276609999998,Wheat
32.88585306,53.10941724,6.403792662000001,82.66761245,Wheat
26.16451456,58.42549605,6.478950147000001,114.523192,Wheat
32.787438300000005,52.10621259,6.46287051,137.31481730000002,Wheat
30.85433994,54.23237016,6.325581948,158.335716,Wheat
32.81296537,59.77332042,6.36961687,135.89295800000002,Wheat
21.63742097,52.15672023,6.904246873,127.94703999999999,Wheat
21.56081364,58.24317828,6.641266386,120.3062225,Wheat
24.91898014,56.57494308,6.577047814,157.62541069999997,Wheat
23.3675234,51.44040522,6.290553117999999,119.41791609999999,Wheat
32.61168513,53.43450388,6.432582812000001,129.0833029,Wheat
32.98761855,56.91380716,6.720389552,157.82098290000002,Wheat
21.1671627,50.76765874,6.917991832,84.09900369,Wheat
32.29245075,57.77217857,6.176585922999999,107.70138030000001,Wheat
31.85745209,58.78096546,6.767201101,139.4082228,Wheat
20.46228174,52.60336141,6.358830802999999,88.64082953,Wheat
30.20210041,50.1380326,6.408720502,159.637369,Wheat
32.83804521,57.00195681,6.054040722000001,138.8577307,Wheat
28.64841334,56.59916797,6.53954388,136.3002864,Wheat
33.20749638,52.51777152,6.54841022,158.90742869999997,Wheat
30.8789865,58.21944052,6.546858671,104.79710440000001,Wheat
23.26796952,55.62757951,6.230511475,144.790146,Wheat
26.92593036,54.04316819,6.593136467000001,102.99435809999999,Wheat
33.95209584,59.469916299999994,6.640428943,133.3803746,Wheat
20.09136946,53.97223311,6.207077353,125.29422050000001,Wheat
26.08577313,56.06768745,6.00834863,152.0998446,Wheat
22.09104373,56.25209511,6.875602787999999,84.30277408,Wheat
33.95105177,54.15593399,6.3774300010000005,159.70945030000001,Wheat
28.53146346,51.51158498,6.86342785,79.13672088,Wheat
28.00510977,55.17019342,6.830847712000001,115.44335520000001,Wheat
27.04402781,59.13144774,6.2539281010000005,144.133609,Wheat
33.13479807,50.01891663,6.689747085,102.08587759999999,Wheat
31.61960395,51.08614902,6.583213487,135.2358305,Wheat
27.50568957,54.01820397,6.161839979,114.85413059999999,Wheat
24.33278733,56.12417545,6.103348652,109.13516809999999,Wheat
28.72164631,59.37579557,6.743792045,121.48405279999999,Wheat
25.28101255,51.19969856,6.291139182,96.52795631,Wheat
30.83055881,56.65623952,6.477394822999999,153.48088959999998,Wheat
24.78475421,54.86675337,6.324058546,161.75015990000003,Wheat
21.2500493,50.54668411,6.395707486,76.73202842,Wheat
22.71147615,51.51443588,6.187386059,82.51483333,Wheat
28.98830116,57.96458855,6.598386095,154.10274850000002,Wheat
26.66935651,54.10971217,6.094391879,77.69415355,Wheat
26.44910438,51.15043087,6.364014181,85.87718731,Wheat
25.15272442,51.54767082,6.092065594,100.0629969,Wheat
22.15367553,58.34318338,6.624886074,105.7586828,Wheat
22.16269576,58.90741579,6.540173202,103.41718320000001,Wheat
25.99183159,52.61899038,6.60246342,124.9172678,Wheat
27.65509604,53.92601391,6.276107098,85.77839497,Wheat
28.59943017,57.85268636,6.159415985,146.3208345,Wheat
21.80851548,50.509632200000006,6.5069512860000005,138.213473,Wheat
24.586226,50.25912969,6.507618946,98.73003058,Wheat
28.75736442,58.85227538,6.226465333999999,116.1287685,Wheat
25.53649642,53.97363189,6.178633083999999,89.72013147,Wheat
28.86914133,50.50983056,6.457965852999999,89.11392893,Wheat
23.20653917,57.75517139,6.326077291,135.6644149,Wheat
30.03447137,57.16714071,6.66999862,128.2064115,Wheat
22.69094467,53.86422324,6.2132967589999994,140.4013334,Wheat
21.8236595,59.64581441,6.849236311,139.1544624,Wheat
21.73121202,55.21660738,6.321308622,123.96010919999999,Wheat
31.76167796,57.72743864,6.198411713,82.10434989,Wheat
31.32720734,54.17967763,6.621678462,144.8018325,Wheat
32.25321056,53.68391381,6.804891621,106.07606070000001,Wheat
20.40661421,55.50882624,6.476640786,100.659201,Wheat
28.913896299999998,54.10859843,6.289688565,153.1256813,Wheat
21.3272581,50.74277753,6.0320336779999995,86.54737814,Wheat
23.41584543,59.98962806,6.2117392989999995,131.959498,Wheat
33.8708865,56.78024695,6.756850847000001,91.72867099,Wheat
23.92271434,52.27758641,6.755050225,137.34735669999998,Wheat
23.57774533,55.62655185,6.563359707999999,141.3680666,Wheat
23.9388272,54.87291737,6.901182567999999,146.6616428,Wheat
22.71215545,54.72066163,6.002569182,94.83486133,Wheat
27.62626513,52.23017432,6.422694318,100.3168624,Wheat
30.88267511,52.69713089,6.97323945,162.9129631,Wheat
21.61239794,57.22063124,6.477667597000001,141.8402571,Wheat
33.70567542,56.05223695,6.626533863,118.5550251,Wheat
29.89576763,58.17888122,6.9490329410000005,159.9218668,Wheat
28.39103747,56.64521207,6.268937169,138.0059458,Wheat
28.69331555,59.97943297,6.976582042,97.92564513,Wheat
24.26818049,52.09864128,6.3492459000000006,95.83816153,Wheat
25.41082075,57.40584681,6.535456802000001,92.06522861,Wheat
29.83448534,52.92281,6.193914417,79.23405577,Wheat
21.43816465,58.82464004,6.410775772999999,128.8619472,Wheat
30.34034318,51.68419575,6.841239387999999,90.20001424,Wheat
22.40555923,57.23637673,6.68765778,162.88897519999998,Wheat
22.66469526,51.51783824,6.298165084,145.3105423,Wheat
27.74080015,56.38574223,6.02697455,111.37646720000001,Wheat
30.85454844,57.48603099,6.932325656000001,86.40096727,Wheat
27.94020348,58.04350805,6.7614673729999994,103.0601137,Wheat
25.58747374,53.56736054,6.506045777000001,156.9663176,Wheat
21.96790926,55.48066752,6.109296604,103.8796274,Wheat
28.13171727,51.23308614,6.332155515,140.91349309999998,Wheat
32.83179905,57.868258700000005,6.901257557999999,128.889532,Wheat
27.43329405,87.80507732,7.18530147,54.73367631,Mung Beans
28.334043199999996,80.77275974,7.034214276,38.7976407,Mung Beans
27.01470397,84.34262707,6.635968697999999,55.296354,Mung Beans
28.17432665,81.04554836,6.828187498999999,36.35720652,Mung Beans
29.87888063,87.32761241,6.89077995,44.75215854,Mung Beans
29.89232778,89.71503316,7.165121108999999,42.99498978,Mung Beans
28.56212158,83.24855855,6.935804256,56.48265193,Mung Beans
27.53592929,85.57019009999999,7.196774236,53.01899249,Mung Beans
29.68361658,87.93598094,6.990095452,41.82490236,Mung Beans
28.14448546,82.1193047,7.064782137999999,46.75690086,Mung Beans
29.53037621,86.73346018,7.156563094,59.87232071,Mung Beans
27.88352946,86.45147631,6.364967184,44.64407105,Mung Beans
28.22471276,82.35916228,6.428054409,44.01206619,Mung Beans
29.008124,84.96089355,6.6641878089999995,45.91011391,Mung Beans
29.75538903,86.45193297,6.637677489,37.54602719,Mung Beans
29.78416743,85.16906976,6.79385576,40.77872823,Mung Beans
27.8640132,80.4513142,6.852884642999999,42.83053902,Mung Beans
27.11026483,84.96771717,7.121571293,51.52617423,Mung Beans
27.11030369,83.64274107,6.883308033,49.11964582,Mung Beans
28.95451232,89.07866095,6.421271178,57.65901369,Mung Beans
29.21780035,87.93724219,6.54450214,43.1386631,Mung Beans
28.742009799999998,85.81675947,6.452006451,48.54598575,Mung Beans
29.65021184,80.29868321,6.489259136,56.76278363,Mung Beans
27.23924995,86.404241,6.713410626,37.31236904,Mung Beans
28.95172351,81.67085323,6.5108409279999995,56.51103293,Mung Beans
28.18837136,82.60629652,6.2873801170000005,37.01110438,Mung Beans
28.30041493,86.20681554,6.86308576,50.47333854,Mung Beans
27.89636126,88.71782287,6.78415271,57.79863368,Mung Beans
28.6899851,87.50436797,6.769415887999999,44.56598352,Mung Beans
27.826262300000003,88.73100226,6.320768488,56.68833819,Mung Beans
28.70562673,81.59200689,6.705008503999999,59.87065439,Mung Beans
28.6362812,84.61431076,6.7907363389999995,48.48319335,Mung Beans
28.28511547,88.4393979,7.130278657000001,48.56690235,Mung Beans
27.60887393,86.13316408,7.012740397000001,43.80041104,Mung Beans
28.60901145,86.99495766,7.1556850160000005,36.94616965,Mung Beans
29.24598976,84.80084105,6.991242362,53.43228915,Mung Beans
28.62911222,89.11480590000001,6.2189238929999995,50.49913241,Mung Beans
29.57329479,88.07505524,7.199495367999999,45.04467075,Mung Beans
27.82684262,87.16679147,6.3898821660000005,58.37249772,Mung Beans
29.8757015,83.14796296,6.623438282,40.12044158,Mung Beans
27.33684386,88.50229102,7.033012777000001,51.09802625,Mung Beans
29.83040388,89.30428305,6.32400451,58.86687093,Mung Beans
28.275317100000002,82.76020821,6.3976367089999995,56.04995423,Mung Beans
29.86860065,85.99127934,6.401455706,58.41394143,Mung Beans
29.5888162,89.9939693,6.904587016,54.96121262,Mung Beans
28.07219563,82.9116472,6.478557136,49.61865305,Mung Beans
27.84026517,89.99615558,7.063022095,52.84626009,Mung Beans
27.10818093,87.45126690000001,6.981758362000001,55.03723979,Mung Beans
27.68515114,81.94268594,6.2271341389999995,54.62243308,Mung Beans
29.34594634,85.60472562,6.232836962,59.03629954,Mung Beans
28.36319404,84.8593608,7.1404378589999995,52.93031105,Mung Beans
27.65280218,89.80650642,6.4592520229999995,56.52558045,Mung Beans
27.31372793,85.44815232,6.568795403999999,53.15223123,Mung Beans
27.06909959,86.89934108,7.12851089,50.46746116,Mung Beans
28.06642822,85.91625451,6.42937879,39.23831035,Mung Beans
27.73329078,81.13903037,6.2489009189999996,44.17580911,Mung Beans
27.53632932,89.92908171,6.619891497999999,45.48591922,Mung Beans
29.66461594,84.28187572,6.377568542000001,56.09542002,Mung Beans
29.914544300000003,85.85384444,6.415459592,41.39081525,Mung Beans
28.36363858,87.59810657,6.3206620120000006,57.99524359,Mung Beans
29.46416042,87.60890009,6.978400282000001,43.15411472,Mung Beans
29.73013036,82.89166381,6.442335592999999,50.91511275,Mung Beans
27.46852989,87.17649,7.184398832,43.78420984,Mung Beans
27.77076285,87.09979549,6.402926221,49.50812624,Mung Beans
29.12939524,88.48312598,7.085982325,36.45012824,Mung Beans
27.10606808,89.89593328,6.698574085,37.45680611,Mung Beans
28.88078945,86.94206817,6.594739424,53.79732545,Mung Beans
28.14720892,83.8001509,6.6479655079999995,37.44800463,Mung Beans
29.89129144,80.14487166,7.120032489,54.7960127,Mung Beans
27.41503453,80.98004661,6.91380932,40.53173216,Mung Beans
29.27308605,89.4875022,7.073048264,50.9246554,Mung Beans
29.65296893,88.48587386,6.5304707,56.01913159,Mung Beans
28.44524991,82.67639542,6.684381357,58.18713162,Mung Beans
27.96235681,83.97586797,6.581351374,48.9366954,Mung Beans
29.25649321,81.97952224,6.86483915,42.02483277,Mung Beans
28.36291385,88.00989267,6.487124217000001,43.05130077,Mung Beans
27.62749466,86.49366929,6.605733067999999,39.26137642,Mung Beans
28.66086349,86.12194568,6.860602782000001,50.01534317,Mung Beans
29.2114218,87.11497805,6.41874299,51.53848218,Mung Beans
29.40889385,86.16063492,6.365513634,53.35486977,Mung Beans
28.02952623,84.8845732,6.5563729660000005,36.12042927,Mung Beans
28.08657178,80.35005927,6.760694227999999,38.14476781,Mung Beans
29.16174608,80.28038146,6.715276662999999,40.16545979,Mung Beans
29.8596912,80.03499648,6.666380512000001,50.66487502,Mung Beans
29.06631494,83.6869203,6.626629798,43.95183726,Mung Beans
27.38538997,88.66663953,6.702772465,58.29933073,Mung Beans
27.93034941,85.42058715,7.011030515,43.25095608,Mung Beans
29.2808618,81.8009244,6.890156495,44.47427436,Mung Beans
28.9973145,83.78911515,6.821747052,59.84499208,Mung Beans
27.92678579,86.5543196,7.183189922,43.4826194,Mung Beans
28.5474135,88.9570454,6.27258822,49.4897245,Mung Beans
29.36488409,89.1886954,6.679127482,48.30159325,Mung Beans
28.56149805,83.63802195,6.689825155,41.013132,Mung Beans
28.43683487,87.91332682,6.583381939,43.12063289,Mung Beans
28.79728147,80.45744422,6.725551062,44.30070517,Mung Beans
28.7275267,89.12760359,7.069747813999999,58.52974279,Mung Beans
27.95639663,83.52706038,6.921993877999999,43.25726752,Mung Beans
28.17458662,83.69659318,6.770955317,37.2464655,Mung Beans
28.77653519,86.69133979,6.983130466,56.12443206,Mung Beans
28.438096999999996,83.48991368,6.267684328,52.55469976,Mung Beans
45.38352611,12.81876216,5.932240602,45.7523396,Millet
45.12259476,13.87064234,6.484499631,38.19865734,Millet
41.83652013,13.37757959,6.959946447,48.42160918,Millet
45.24994923,11.49326561,7.534578201,35.19431212,Millet
40.31763988,12.85586494,7.568202492999999,44.21309767,Millet
45.99873995,13.10201951,6.76920064,37.96716357,Millet
43.43755917,10.20357223,7.811359215,36.61361235,Millet
49.51043695,11.22912477,6.700555932,48.49348171,Millet
43.30667836,11.77588145,5.783503945,39.10973483,Millet
45.19657149,12.215874699999999,7.050946209,41.83810956,Millet
41.191835600000005,14.48979781,5.973094368,38.99785201,Millet
43.34991463,13.70360342,7.571945841000001,42.97811956,Millet
49.87673602,15.49100816,6.912345827999999,39.40150564,Millet
40.44240021,11.93478976,6.144431259,42.85228483,Millet
43.06789439,15.35182165,5.950113412,48.81272971,Millet
48.50763857,10.98982094,6.933461557999999,49.57322707,Millet
44.15239311,11.7520485,6.902881054,48.81060057,Millet
43.4095322,13.02275209,7.682452698,48.53707635,Millet
46.46106813,10.49877523,6.930533723,47.28103458,Millet
48.4240046,10.09410906,5.6994118270000005,45.34961336,Millet
47.80136389,11.19576631,6.429415662,44.93497124,Millet
47.31098623,11.84956674,7.778027395,44.36751704,Millet
40.42716839,14.11184194,6.194821257999999,41.60227033,Millet
40.898423,11.44708224,6.789839515,44.7921064,Millet
44.12226723,14.275922099999999,6.73398071,42.18667806,Millet
42.73357643,14.82902619,7.037725215,43.50850561,Millet
40.20388328,12.20664416,7.992859092000001,45.95696539,Millet
40.13607173,15.25265205,5.615310267999999,35.47153383,Millet
49.75607785,11.86226218,6.466714497999999,41.79590493,Millet
43.93224402,12.37513875,7.8721639560000005,43.79481255,Millet
44.04055886,11.06905071,6.95736224,48.27311688,Millet
49.61514501,15.33215292,5.731734188,39.78082213,Millet
40.39941626,14.146757000000001,6.306972947,43.68493722,Millet
40.1546,10.57269602,6.076911641000001,40.21760436,Millet
44.06757102,10.65747963,5.635006473,35.43479489999999,Millet
46.14731883,12.21381384,7.216420017999999,46.06744344,Millet
46.42017709,14.91813537,6.700459205,40.96391853,Millet
42.96150158,13.20674411,7.445298772999999,44.89945087,Millet
48.13355759,10.12391552,7.842984105,47.1163263,Millet
44.29982099,10.08689038,6.842972154,48.08258327,Millet
44.08530559,14.98193344,5.809661553,38.89011641,Millet
41.27589067,11.3517338,6.432162184,40.44662963,Millet
49.08184524,12.21658122,7.060679689,48.8217795,Millet
44.67292003,15.39053375,7.926295426,41.67104849,Millet
46.55001415,12.14300827,6.595995311,49.42205338,Millet
44.22336093,13.75835809,6.290580352,40.70878489,Millet
46.77775839,15.22339767,6.725589656,39.41925519,Millet
45.6374671,11.19524988,7.341612619,36.522037,Millet
40.20716241,15.23034852,5.998226798999999,43.46383783,Millet
41.77277819,13.99342761,5.7398258570000005,47.73897129,Millet
42.734953000000004,10.92249557,7.807061597000001,39.24284556,Millet
45.10663268,10.62509408,6.403198627999999,46.87113258,Millet
41.48692887,14.39693316,5.723148495,45.35455961,Millet
40.48200586,13.15089404,5.915422023,38.04847719,Millet
49.28474862,13.36601682,7.756610886,47.96847506,Millet
41.52268511,11.82784658,7.157569533999999,39.98271574,Millet
41.72885654,15.24298284,5.6262882560000005,43.62701068,Millet
44.05589427,13.99241334,6.335715911,35.19407768,Millet
46.10006092,12.8617614,7.786521887,49.41114147,Millet
41.09196785,11.99457876,6.056057095,44.19796231,Millet
45.11604889,10.97597718,6.219666635,48.80763104,Millet
47.43602009,15.00651263,7.316562005,42.91170851,Millet
43.23043616,14.61906656,5.787205654,41.10898552,Millet
42.72931618,15.33494645,6.308041493999999,41.37464257,Millet
47.17536994,13.13000889,7.052476766,38.15003963,Millet
45.01717421,10.34278151,6.570755206,39.14138782,Millet
42.78552372,13.08763509,6.20190161,38.26134496,Millet
49.91822378,12.53951867,6.821803657999999,41.12093404,Millet
42.38178521,10.62689664,6.483166429,48.76606134,Millet
44.88879793,15.40488033,7.5550451679999995,40.37012963,Millet
44.07676357,12.561822900000001,6.859273031,43.58851949,Millet
43.36246175,14.017536600000001,6.790170067000001,39.2819445,Millet
46.45914417,11.38541276,5.792839269,48.86396451,Millet
49.72934792,10.68779921,6.222054132999999,42.19718993,Millet
42.86390961,14.96648096,6.625793605,41.69717064,Millet
45.12105633,12.86515141,7.671071122000001,40.69914027,Millet
41.6776823,14.93295201,5.9310559629999995,44.47109466,Millet
46.892814200000004,15.44314248,5.9808219529999995,44.90828870000001,Millet
44.97228167,11.19894882,7.729003585,46.07951303,Millet
44.56609859,12.04319517,5.815280532,45.47689818,Millet
47.62660416,14.02856794,7.847058041,35.66404116,Millet
42.96802078,12.11380828,7.4887811179999995,42.48926229999999,Millet
46.57247892,11.70405493,5.976833313999999,35.57642505,Millet
47.57373777,12.77831421,7.438667344,36.74607697,Millet
41.48407529,12.54385579,6.14261474,39.14722427,Millet
43.92574093,12.13217106,7.022698665,38.37178316,Millet
49.47097243,10.03699714,5.712242811,37.86881506,Millet
43.79902948,14.78016453,6.533612513,40.80521556,Millet
49.43265615,14.16331094,7.64917813,38.88227816,Millet
43.442088500000004,14.17417993,7.948306897999999,41.07054193,Millet
49.10462823,12.13177603,6.295161268999999,36.20042754,Millet
48.63447551,13.8657846,7.162237182999999,47.68925213,Millet
44.38307214,13.65128468,7.475501016,38.96962965,Millet
40.92030901,10.0340484,7.567840029,44.22161999,Millet
48.79526370000001,10.50313106,7.8813709979999995,39.09945134,Millet
43.52038668,13.26718427,7.154692752000001,40.102622499999995,Millet
47.03538939,11.84530491,7.8080023810000005,41.31443237,Millet
48.44654619,10.88759897,5.803526182000001,38.520773600000005,Millet
46.50038918,12.44150499,7.686214156,47.05551318,Millet
46.51582225,11.44218515,6.69891702,49.68143256,Millet
22.61359953,63.69070564,5.749914421000001,87.75953857,Maize
26.10018422,71.57476937,6.931756557999999,102.2662445,Maize
23.55882094,71.59351368,6.657964753,66.71995467,Maize
19.97215954,57.68272924,6.596060648,60.65171481,Maize
18.47891261,62.69503871,5.970458434,65.43835393,Maize
21.77689322,57.80840636,6.158830619,102.0861694,Maize
25.6217169,66.50415474,6.047906679,105.46547029999999,Maize
25.19192419,66.69029010000001,5.913664501,78.06639649,Maize
20.41683147,62.55424820000001,5.855442401,65.27798457,Maize
24.92162194,66.78627406,5.750254943,109.2162279,Maize
23.31689124,73.4541537,5.852607099,94.29712821,Maize
24.84016732,68.3584573,6.4725232870000005,74.05474936,Maize
22.27526694,58.84015925,6.9670577620000005,63.87020584,Maize
18.87751445,65.76816093,6.082973754,94.76189431,Maize
25.19008683,60.200168700000006,5.919045532,72.12375573,Maize
18.25405352,55.28220433,6.204747652999999,63.72358154,Maize
24.612911800000003,70.4162444,6.600827017,104.1626147,Maize
25.1420613,65.26185135,6.021902237000001,76.68456006,Maize
23.09348056,60.11593810000001,6.033550195,65.49730729,Maize
18.05033737,62.89366992,6.28886807,84.23613484,Maize
24.932158100000002,73.80435276,6.550563822999999,79.74078719,Maize
18.14710054,71.09445342,5.573286437,88.07753741,Maize
18.28362235,66.65952796,6.829199275,80.97573281,Maize
18.83344471,58.75082029,5.716222912,79.75328959999999,Maize
25.71895816,67.22190688,5.54990242,74.51490791,Maize
25.33797709,68.49835977,6.586244581,96.46380213,Maize
23.89114571,57.48775781,5.893093135,102.83019420000001,Maize
21.53574127,71.50905983,5.918263801,102.4852929,Maize
23.08974909,63.10459626,5.588650585,70.43473609,Maize
25.61707368,63.4711755,6.576418207000001,108.8303762,Maize
21.44526922,63.1621551,6.178056304,65.88951188,Maize
18.51816776,55.53128131,6.6419063529999995,90.988051,Maize
22.53510514,67.99257471,6.489040367,64.40866039,Maize
23.02038334,61.89472002,5.680361037999999,63.03843397,Maize
24.89364635,65.61418761,6.625404347999999,87.9298085,Maize
25.77175115,74.089114,6.524478032,107.49319170000001,Maize
19.39851734,62.35750641,5.696205468,60.95197486,Maize
21.54156232,59.64024162,6.803931519,109.7515385,Maize
23.79746068,74.82913698,6.252797547999999,91.76337172,Maize
18.9802729,74.52600826,6.092725883,94.26249353,Maize
24.10859207,73.13112261,6.234330356,71.07562236,Maize
24.7947077,70.04556743,5.722579819,76.72860067,Maize
21.63162756,60.27766379,6.430616465,69.21803098,Maize
25.37548751,57.21025565,5.983952675,101.7004306,Maize
22.21738222,72.85462807,6.80163854,106.62131570000001,Maize
20.58314011,69.00128641,6.499936446,66.29390357,Maize
24.87502824,68.74248334,6.265564338,91.26056654,Maize
20.03728219,56.35606753,6.727303282,109.02414099999999,Maize
25.95263264,61.89082199,6.325235159,99.57981207,Maize
19.28889933,65.47050802,6.807487794,71.3195307,Maize
20.57981887,65.34583901,6.671085817000001,78.34604471,Maize
24.71417533,56.73426469,6.648725327,88.45361858,Maize
20.27317074,63.91281869,6.439071996,62.50351892,Maize
18.41932981,64.23580251,6.474476516,76.41312437,Maize
23.39128187,61.74427165,5.871647806,107.3198135,Maize
19.84939404,61.24500053,5.730617109,100.76892459999999,Maize
21.869274,61.91044947,5.850439831,107.2681929,Maize
22.8056033,56.50768935,5.7916499329999995,101.59527940000001,Maize
19.078147100000002,69.02298571,6.740000687999999,80.72515943,Maize
22.02720976,65.35549924,6.272417541,83.73280082,Maize
23.80546189,59.24537979,5.715208817000001,89.96220140000001,Maize
18.52510753,69.0276233,5.773454729,88.10234397,Maize
23.50297882,61.32026065,5.584171461,64.77791424,Maize
26.54986394,72.89187265,5.787268394,73.33636055,Maize
19.29563411,69.63481219,5.77597783,83.21030571,Maize
20.68899915,59.4375337,6.864793607,103.651438,Maize
19.32666088,68.03449300000001,6.192360002999999,84.22969177,Maize
24.60532218,73.58868502,6.636803222999999,96.59195302,Maize
22.27373646,59.52193158,5.826426917,67.96704792,Maize
25.70196694,61.33450447,6.960358276,83.20711308,Maize
19.20129357,68.30578978,6.11275104,87.85092352,Maize
21.70181447,60.47470519,6.708446922,95.71388473,Maize
20.51716779,59.21235483,5.561510732,67.61013737,Maize
23.30355338,73.62548442,5.873242491,97.59081274,Maize
24.2547451,55.64709899,6.995843776,64.23845455,Maize
24.86374934,65.7420046,5.714799723,75.82270467,Maize
22.6265115,65.77472881,6.78073637,88.17251033,Maize
18.04185513,60.61494304,5.513697923,104.2321615,Maize
23.26237612,72.33125523,5.798423907999999,67.10225139,Maize
22.88330922,71.59722446,6.352471866,67.72777298,Maize
25.97482359,69.36385721,6.822586546,103.2234212,Maize
26.14384005,66.20569924,6.655426355,107.2361366,Maize
18.66116213,61.55327249,6.1212940410000005,75.03247667,Maize
25.10787449,55.97732754,5.790770202999999,78.16077693,Maize
23.33844615,59.24580604,6.47444292,105.0083144,Maize
25.08239719,65.92195844,6.455116637000001,62.49190812,Maize
25.36768364,72.52054555,6.606984086000001,107.9124111,Maize
25.34217103,63.31801994,6.330554389,74.52082026,Maize
25.00933355,67.816568,6.5286312660000005,62.91359494,Maize
18.66746724,71.516474,5.721667141,69.93293255,Maize
20.37999665,63.73849998,6.644205485,108.5054416,Maize
18.09300227,72.61024172,6.376651091,78.96159541,Maize
26.16985907,71.96246617,6.247040422,79.84925393,Maize
18.65396672,61.37879671,6.656730007999999,93.62039175,Maize
26.07470121,59.37147589,6.2048017,85.75692395,Maize
18.92851916,72.80086137,6.158860284,82.34162918,Maize
23.30546753,63.24648023,6.385684213999999,108.7603001,Maize
18.74826712,62.49878458,6.417820493,70.23401597,Maize
19.74213321,59.66263104,6.381201909,65.50861389,Maize
25.73044432,70.74739256,6.877869005,98.73771338,Maize
28.05153602,63.49802189,7.604110177000001,43.35795377,Lentil
19.44084326,63.27771461,7.728832424,46.83130119,Lentil
29.84823072,60.63872613,7.491217102,46.80452595,Lentil
21.36383757,69.92375891,6.633864582,46.6352865,Lentil
26.28663931,68.51966729,7.324863481,46.13833007,Lentil
22.17499963,62.13873825,6.410441476,53.46622584,Lentil
26.57597546,60.97876599,7.836719564,50.89110726,Lentil
26.58972517,66.14007674,6.139215944,50.90994463,Lentil
19.1345771,62.57526895,6.590571088,36.46946971,Lentil
28.75273118,69.15640149,7.286049977999999,35.15426171,Lentil
25.78746268,60.2816298,6.058306161,49.14337177,Lentil
23.89271875,61.78779413,6.658605362,52.55730112,Lentil
28.67408774,63.18832976,7.2993607670000005,42.96018627,Lentil
28.42062847,61.77336343,7.815210661,49.02366803,Lentil
21.35499456,62.60136323,5.925391795,41.78219834,Lentil
21.12695586,63.18738532,6.403683619,38.71834464,Lentil
24.02037872,61.62313345,7.397546271,49.78102578,Lentil
25.40474421,65.8567539,7.7223359920000005,51.92057267,Lentil
29.03017561,64.49166566,7.475926645,54.93937710000001,Lentil
20.21368219,68.65257685,6.887130053,50.89732989,Lentil
29.19585548,68.01965728,7.441976825,44.93261911,Lentil
18.29783597,69.6897615,7.629910252999999,49.39111479,Lentil
27.41434987,63.41785982,7.336117221,44.43177543,Lentil
24.84063998,60.09116626,6.75020529,48.77790371,Lentil
29.94413861,67.31323084,7.52178027,40.37113729,Lentil
25.87990287,67.55109024,6.347379185,47.89645224,Lentil
20.0467711,65.84395319,7.135251532000001,46.05333124,Lentil
22.99451999,66.70897237,7.670178119,54.49044154,Lentil
25.13163619,66.92642362,7.399749291,49.04015558,Lentil
28.49584395,62.44616219,7.841496029,53.14531023,Lentil
18.28766124,69.48515056,6.254216611,48.60449438,Lentil
24.38041875,61.18458224,6.868881707999999,53.13946695,Lentil
21.31852148,66.43934593,7.320514721,45.42616802,Lentil
18.54141834,62.70637578,6.296976913,44.07819743,Lentil
25.28710601,60.85993533,7.2411519360000005,49.37369982,Lentil
25.43459777,69.12613376,7.685959305,41.02682925,Lentil
28.83600962,69.76112921,6.890760124,44.08562546,Lentil
27.37659643,63.93927841,6.155915975,49.47371773,Lentil
28.31886863,60.19461399,6.167855382000001,45.36521251,Lentil
27.481864899999998,62.04814951,6.861640036,37.81123974,Lentil
18.28072173,68.10365387,6.978361689,48.80253285,Lentil
27.61204997,69.29786244,7.043160241,42.72374404,Lentil
23.43974653,63.22011726,5.94239222,45.40277297,Lentil
20.95628486,63.68128841,7.239455147,52.39881209,Lentil
23.793715300000002,68.03209183,6.516317561,49.73922097,Lentil
22.6371424,65.44544859,6.233269045,38.30411077,Lentil
21.53577883,65.47227704,7.505283615,35.75107592,Lentil
29.87854588,65.73085206,6.950300686,44.95654782,Lentil
25.265329100000002,67.10004577,6.958054839,48.33941188,Lentil
25.17885316,68.93307305,6.54803469,35.03484812,Lentil
24.12192608,61.09533545,6.461618577,44.23629285,Lentil
23.33565221,67.40460704,7.065264073,36.18678721,Lentil
21.74600081,63.39503184,6.765091462000001,50.43306085,Lentil
27.60195453,63.46170674,5.91645379,54.37814199,Lentil
24.388717,62.50453062,6.711341147000001,47.26052494,Lentil
24.98287462,66.895409,6.379881442,38.21370568,Lentil
28.234828999999998,69.3159965,6.313284267999999,35.36831423,Lentil
26.03026959,69.55863145,7.393210848,37.11395801,Lentil
28.04849594,64.07691942,7.504930973,37.15824966,Lentil
24.87425505,64.00213929,7.198076286,48.28137482,Lentil
23.97081395,62.35557553,7.007037515,53.40906048,Lentil
20.06003985,67.76252583,6.677262562,42.89509057,Lentil
19.59221047,61.28633405,6.74398035,41.7704893,Lentil
29.77013109,66.29327012,6.547361617999999,35.69674138,Lentil
27.52135365,60.53657684,6.551577598,48.06491307,Lentil
25.62896213,63.14909763,6.585020302999999,45.49683991,Lentil
20.39078312,60.47528931,6.924042372000001,53.31508572,Lentil
25.39038396,60.4989659,7.437373666,39.18374505,Lentil
24.91079638,60.71367427,7.142611056000001,42.19740397,Lentil
27.70496805,63.20915034,7.74672376,37.46160727,Lentil
18.06486101,65.1034354,6.300479414,51.54922825,Lentil
18.13027797,62.45851612,6.078724107,50.6128521,Lentil
23.82723528,67.89815262,6.76660668,46.90725077,Lentil
23.19305333,62.74710773,7.641024177,49.55213308,Lentil
25.08966129,68.17543102,6.5596818379999995,41.45486619,Lentil
25.86928193,61.88321072,7.072923306,36.68284038,Lentil
18.43966037,68.05394959,7.732194787999999,39.00992137,Lentil
27.14911056,67.02664337,6.157782589,52.50812701,Lentil
23.33375853,64.50515776,7.240988401,47.01510708,Lentil
26.723001399999998,62.96841833,6.898905799,42.87274897,Lentil
19.55750776,64.45268309,6.818681086000001,53.04669416,Lentil
26.13708256,66.7729209,6.261937875,46.48280681,Lentil
27.99990346,65.57653373,6.493036868,49.94043064,Lentil
29.05941162,62.10652364,7.042474679,36.5011366,Lentil
25.71269843,64.1123333,7.692013657,50.17067771,Lentil
21.79792649,63.73086065,6.250994222999999,46.62370222,Lentil
24.70626432,60.26854183,6.0521848810000005,53.12442925,Lentil
20.94981756,65.8108757,7.002216044,44.23913012,Lentil
24.84918386,68.98088448,7.272427638,41.61080544,Lentil
21.91041045,65.21662467,5.962001484,36.10211371,Lentil
25.93381964,68.70533022,7.080506001,51.02372773,Lentil
29.82112112,69.4073209,6.5937983870000005,51.56461082,Lentil
27.52185591,63.13215259,7.28805662,45.20841071,Lentil
27.99627907,68.6428593,7.32710972,46.10585191,Lentil
20.76774783,63.90164154,6.366355781,47.9271552,Lentil
23.05276444,60.424786,7.011121216,52.60285259,Lentil
21.65845777,63.58337146,6.280725549,38.07659414,Lentil
26.25070298,67.62779652,7.621494566,40.8106299,Lentil
20.97195263,63.83179889,7.630424082999999,53.10207889,Lentil
23.89736406,66.32102048,7.8022124370000006,40.74536757,Lentil
24.40228894,79.19732001,7.231324765,90.80223559999999,Cotton
23.09595631,84.86275707,6.925412377000001,71.29581071,Cotton
23.965634899999998,76.97696717,7.633437412,90.75616738,Cotton
24.88738107,75.62137159,6.827354668,89.76050416,Cotton
25.36243778,83.63276077,6.176716425,88.43618918,Cotton
24.69457084,81.7358876,6.628722836000001,78.58494391,Cotton
25.0017188,80.53965818,7.256877571,96.32600992,Cotton
22.45942937,81.30681027,6.443785385,64.23026638,Cotton
23.60564038,79.29573149,7.723240151000001,72.49800885,Cotton
24.58453146,79.12404171,5.9474485889999995,71.94608134,Cotton
23.0865933,83.55546146,7.227745516000001,71.84080724,Cotton
23.5000992,83.63488952,6.219469084,79.81328183,Cotton
24.1472953,75.88298598,6.021439523,69.91563467,Cotton
24.69315538,84.84422454,6.253343655,89.799462,Cotton
24.484692000000003,84.44932014,6.187455798999999,90.94342484,Cotton
24.49112609,82.24415809,7.0576933660000005,64.02949379,Cotton
23.47986888,81.73049149,6.720449769,86.76287924,Cotton
24.18586246,76.04203958,6.4316895060000006,69.08056728,Cotton
25.00755095,78.17952126,7.453106264,86.06411872,Cotton
25.99237426,77.0543546,7.368258226,89.1188212,Cotton
23.66457347,81.69105088,7.352401887,99.36898373,Cotton
25.66891439,81.38103349,6.652143699,78.59595817,Cotton
22.04612876,84.62978302,6.144631795,86.00758678,Cotton
22.4204752,84.55794703,7.318802162000001,93.46595573,Cotton
25.03149561,82.21276599,7.954629324,95.0191318,Cotton
23.53371386,77.21705554,6.207652157,87.54004943,Cotton
22.77076388,82.5993307,6.631005298,81.49543437,Cotton
25.49848236,79.9751579,7.306918817000001,67.05961949,Cotton
25.248679,83.4630147,5.898293044,86.55517751,Cotton
22.78249615,77.51235009,7.238566893,64.61444234,Cotton
23.37044424,77.43198948,7.977651226,71.67870701,Cotton
24.86560781,78.22080815,5.983075895,79.56866268,Cotton
24.14386157,84.51591287,6.785723961,80.36146974,Cotton
25.03300222,79.04368718,7.393441155,97.10087029,Cotton
23.65724079,84.47601498,6.486068274,88.54479121,Cotton
25.54359718,84.09229796,7.175934962,88.94245493,Cotton
22.00085141,79.47270984,7.388265887999999,90.42224164,Cotton
23.64328417,78.1258666,6.10539819,80.96157332,Cotton
23.96436009,78.02763149,6.419536555,84.63148859,Cotton
24.65425757,75.6350708,6.307585854,61.82980133,Cotton
24.3017998,84.87668973,6.93221485,65.0247867,Cotton
24.29144926,81.02453404,7.810865753,90.41694635,Cotton
24.29470232,84.61527627,6.527541661,81.05902285,Cotton
25.72180042,81.19666206,7.569454601,99.93100821,Cotton
24.87663664,76.30050373,7.041065585,91.9223468,Cotton
22.60612115,77.34264002,7.208795456,75.13617229,Cotton
23.86814008,75.68339729,6.814341946,90.45471850000001,Cotton
23.41022496,76.43836957,7.442217061,78.82199603,Cotton
24.96440768,81.31677618,6.854558957,80.03995829,Cotton
25.16820129,80.30351815,7.884550475,84.62419032,Cotton
22.72767171,77.07598065,6.006085786,77.55176318,Cotton
22.45145981,76.25674874,7.432043735,86.84998693,Cotton
23.04920461,75.53835214,6.4980521079999995,70.65644296,Cotton
25.29250148,75.66653335,6.205263534,62.64174227,Cotton
22.95604064,82.33733678,6.360812227,66.48339303,Cotton
22.80213132,84.14668447,7.046607433999999,91.63895649999999,Cotton
23.54234715,75.98203329,7.947011366,84.12536744,Cotton
24.41212325,80.80343786,6.281913857999999,98.60457373,Cotton
22.94276687,75.37170612,6.114525877,67.08022574,Cotton
25.53676123,81.13668716,6.753978061000001,95.4262599,Cotton
25.32023717,81.79475917,7.425041316000001,83.46532547,Cotton
22.426733,81.53480799,6.745104394,65.54475812,Cotton
25.78544484,75.00539324,7.641116568999999,91.39578861,Cotton
25.68959532,77.90621048,6.4701354779999996,66.19426787,Cotton
22.14593688,82.85975490000001,7.091992365,60.65381719,Cotton
25.07278712,82.50257909,6.520403794,93.51042684,Cotton
22.21506982,76.17851932,6.127939627999999,70.40557612,Cotton
23.9643129,76.59175937,7.994679507000001,76.13090645,Cotton
25.40059227,76.53237965,7.524707577,62.51388670000001,Cotton
23.7805123,83.03878838,7.827877817999999,66.26555904,Cotton
24.16402322,76.7433897,6.436691764,61.94626051,Cotton
25.31468463,77.91757121,5.907930899,72.82902109,Cotton
22.60361557,80.35090459999999,6.135025006,88.57395505,Cotton
22.9535715,78.71555832,6.0445565939999994,99.75336197,Cotton
22.74446976,80.41198458,7.59781958,90.07326633,Cotton
23.80834611,83.91902605,6.691268104,70.97358303,Cotton
25.46228792,81.56641891,6.175492306000001,76.88582484,Cotton
25.96779712,81.97904282,7.2723162089999995,74.14169043,Cotton
25.5308271,80.04662756,5.801047545,99.39557151,Cotton
24.43847399,81.69801729,6.7574579429999995,60.79645852,Cotton
23.03887865,76.47039772,6.983395572999999,90.64770699,Cotton
23.51308653,76.72621429,7.976889497999999,80.11272117,Cotton
22.75805656,76.75768356,6.558902588,97.76600619,Cotton
24.71252544,77.7293114,7.979090365,85.24963302,Cotton
23.45969093,82.44777468,7.903528672999999,93.50153555,Cotton
25.5503704,77.85055621,6.73210948,78.58488484,Cotton
22.08458267,82.82904143,6.691690476000001,67.06459777,Cotton
24.68854799,78.51206972,7.839849298,69.31153566,Cotton
25.84997269,84.16855231,6.61448588,77.03421249,Cotton
22.46054478,75.40989245,7.456971816,71.85436078,Cotton
23.65629976,77.52425987,7.2942193,74.8984994,Cotton
22.00817088,81.83896111,7.762647875,92.23645249,Cotton
24.32630461,80.13456404,6.363406102000001,69.45072055,Cotton
22.92360984,82.68738535,7.63737841,92.91915074,Cotton
23.43821725,78.63388824,6.200671976000001,81.15072105,Cotton
22.10718988,78.58320116,6.364729934,74.94136567,Cotton
23.03814028,76.11021529,6.913678684,91.49697481,Cotton
24.54795322,75.39752705,7.7662597689999995,63.88079866,Cotton
23.73868041,75.77503808,7.55606399,76.63669195,Cotton
22.31871914,83.86129998,7.288377241,65.35747011,Cotton
32.82652632,60.63131854,6.192064545,87.79470512,Groundnut
33.84404645,61.36211063,6.3311467420000005,92.65212945,Groundnut
33.78853283,58.35623919,6.032079332,113.880752,Groundnut
31.35582182,68.07569875,6.113725662,67.23507858,Groundnut
30.76670006,71.98183926,6.301488325,74.7400763,Groundnut
32.7819781,69.6416044,6.0523015110000005,140.7710832,Groundnut
32.77342726,56.61938123,6.403562224,70.63006003,Groundnut
33.58425158,58.54962939,6.09780337,124.23326259999999,Groundnut
31.76211489,60.88875317,6.415602829,86.12779501,Groundnut
32.90132056,70.37435728,6.050500554,134.0402553,Groundnut
30.74613799,66.50001224,6.1766505689999995,88.70815107,Groundnut
31.11185433,62.36169509,6.178774026,118.78259320000001,Groundnut
31.21979884,60.01897983,6.241399824,78.88233073,Groundnut
30.30882059,63.20775389,6.400743787000001,97.84622809999999,Groundnut
33.51211423,74.82712323,6.199573677999999,87.25674074,Groundnut
33.90671375,57.28408621,6.403139232000001,73.85242301,Groundnut
32.22298619,58.42121662,6.096152375,142.3395293,Groundnut
30.74909489,59.86826705,6.0687080579999995,103.6641416,Groundnut
30.92903852,61.27769267,6.2906000639999995,119.57394070000001,Groundnut
33.54358553,59.58964018,6.467911977000001,123.3663548,Groundnut
33.30734071,60.11740397,6.070946129,146.98376919999998,Groundnut
31.39311394,69.41943401,6.324516442,77.64621614,Groundnut
31.78145242,65.35947519999999,6.012375494,147.1663393,Groundnut
33.04183025,66.08061191,6.2681832360000005,87.37977788,Groundnut
32.47161304,57.73447206,6.366625916,127.57414579999998,Groundnut
30.01930633,62.94512656,6.287772328,78.49219686,Groundnut
33.85479475,58.03060486,6.4560198479999995,117.64562269999999,Groundnut
30.44017124,59.92268124,6.04893386,110.1438483,Groundnut
33.79307329,62.71487306,6.462960084,95.82254444,Groundnut
30.04867399,59.36080725,6.0272798210000005,127.27060209999999,Groundnut
31.10665887,69.03184745,6.399166534,95.50096772,Groundnut
32.72230974,57.57884942,6.081927222000001,103.5482877,Groundnut
31.93586366,70.43716037,6.158089391,85.80046176,Groundnut
31.13028413,68.98503317,6.037675701,72.17209056,Groundnut
33.59486982,64.75347681,6.085661738,70.29511043,Groundnut
32.85002372,69.71444063,6.159835302,136.3398914,Groundnut
32.15037675,62.52523042,6.401565207000001,87.52461597,Groundnut
30.05462421,56.7800628,6.379142347999999,101.393541,Groundnut
33.88419129,74.28312331,6.451419447999999,97.66232861,Groundnut
30.47542476,68.48811001,6.287107363,149.0994209,Groundnut
31.89319111,71.45040975,6.02059819,93.34182034,Groundnut
33.58976713,57.33389829,6.181930218,126.1587212,Groundnut
30.49359779,58.54588061,6.021638615,71.10312453,Groundnut
33.90789552,74.8047572,6.079176536,142.7452391,Groundnut
32.98326078,72.18001928,6.159477092,78.75886433,Groundnut
32.95235196,69.76898641,6.3960197260000005,119.5955807,Groundnut
32.13955691,62.94517353,6.455535114,82.4178375,Groundnut
31.13951861,59.66439705,6.119373068,140.8926594,Groundnut
31.36384449,60.85844087,6.193985368,116.5480445,Groundnut
33.27039046,74.71608492,6.452217054,69.83661326,Groundnut
31.48464585,63.19157008,6.06471872,91.42284219,Groundnut
30.32868693,70.45250918,6.29380456,85.935582,Groundnut
30.14072116,61.10498034,6.200750081,106.7865477,Groundnut
30.35409044,67.90612419,6.27880351,109.87691129999999,Groundnut
30.09238359,64.95531579,6.067933105,97.74333417,Groundnut
32.50671544,65.61189723,6.019260677999999,103.5516648,Groundnut
30.37577758,74.97475129,6.074947741,105.00982749999999,Groundnut
32.644546000000005,61.92607293,6.027171709,108.76223490000001,Groundnut
33.49032589,66.70951694,6.047831631,67.08969169,Groundnut
33.3074977,68.92926423,6.225888435,128.77707320000002,Groundnut
30.80653933,67.44917308,6.4570407560000005,131.9073179,Groundnut
33.20857014,68.88904755,6.203317279,116.6621186,Groundnut
32.38564029,65.23119959,6.26502351,91.09923848,Groundnut
33.01812495,72.24160506,6.460460502,111.26907890000001,Groundnut
30.22263729,62.42587205,6.321681356,116.619875,Groundnut
33.35838838,60.93547145,6.466846345,97.97313591,Groundnut
32.69482712,67.391972,6.174340814,93.26646905,Groundnut
30.083701899999998,62.44339946,6.135784205,129.37929440000002,Groundnut
32.69435583,62.51014083,6.310985457999999,111.51813100000001,Groundnut
32.25730296,66.69662314,6.084808177999999,105.69847069999999,Groundnut
31.19439265,55.60872971,6.010802677999999,81.25674481,Groundnut
33.62465186,73.16053744,6.135540513,65.84424567,Groundnut
32.2892277,59.99209925,6.468806012999999,130.45513290000002,Groundnut
31.31073691,65.63683906,6.2560174879999995,128.41788770000002,Groundnut
32.90794777,70.57960348,6.194503543,72.14138861,Groundnut
33.94512460000001,70.55464259,6.400422587,137.2584875,Groundnut
32.44221297,61.01380542,6.453645294,70.40253021,Groundnut
33.05783291,67.60413473,6.399637755,120.0334337,Groundnut
33.11867553,57.42312508,6.036762048,136.1704647,Groundnut
32.48530015,71.0531122,6.089682888,104.0508745,Groundnut
31.87314342,62.347874100000006,6.394947663,139.2140672,Groundnut
30.89364513,61.99208423,6.050607443,92.27743239,Groundnut
31.98314121,69.58272044,6.099022113999999,76.12988501,Groundnut
31.15162986,63.01803802,6.4018863470000005,136.8211936,Groundnut
32.13848109,57.10851445,6.125138531,125.0750643,Groundnut
32.18074129,55.26434644,6.2169693089999996,87.08707124,Groundnut
33.48973659,56.1397279,6.318366027000001,91.76258102,Groundnut
32.14778175,58.31526308,6.214353439,144.4624105,Groundnut
32.81428175,69.62005329,6.113199042000001,145.06877169999999,Groundnut
32.29564207,72.35723890000001,6.388994145,74.96498896,Groundnut
32.29968054,60.51951421,6.397509877999999,141.4807496,Groundnut
32.34541494,66.03798759,6.106238731,111.36006909999999,Groundnut
31.11863784,72.66339729,6.396028622,86.43908839,Groundnut
33.36681473,62.39935969,6.125212154,137.67390419999998,Groundnut
33.34241882,62.93108511,6.262254242000001,74.8939621,Groundnut
30.72759238,61.86126791,6.13331761,65.36465291,Groundnut
30.34644308,74.52194934,6.3579181789999994,62.9183321,Groundnut
30.66938267,64.33053444,6.232369622999999,78.68708298,Groundnut
30.81100962,67.71155945,6.410808177000001,118.7187187,Groundnut
31.92411618,71.7794527,6.1214474999999995,142.867463,Groundnut
28.40979139,81.21372954,8.062750241,170.3307535,Sugarcane
26.44996751,83.63894793,7.143039142,168.47732549999998,Sugarcane
27.8558593,76.91493565,7.929240731,154.90114630000002,Sugarcane
26.60974334,84.62857867,7.632674947000001,131.7016877,Sugarcane
25.14325486,76.25495928,5.526456227000001,164.47188119999998,Sugarcane
28.30438304,77.60189297,5.846851687999999,128.5599899,Sugarcane
25.96881895,84.44559159,5.333271547,159.64924140000002,Sugarcane
28.73181558,84.79260995,8.288162935,117.122973,Sugarcane
27.88241319,81.76227945,7.4464915529999995,111.4462932,Sugarcane
28.64515621,75.8456005,6.456928584,138.10170369999997,Sugarcane
28.40189746,77.87165942,7.627462401,154.5944258,Sugarcane
27.1436664,79.35006835,7.608565313,174.9108513,Sugarcane
26.95962595,78.8589892,7.386938032000001,144.1074553,Sugarcane
27.714370000000002,82.24762867,8.38803435,142.91021,Sugarcane
29.34811684,77.94450774,5.5159296939999996,148.8243637,Sugarcane
28.23138275,77.93817227,6.927557925,168.8044687,Sugarcane
29.70032295,76.15556826,8.367000481,153.0175562,Sugarcane
28.70208492,80.00045005,6.995013216,139.26294209999998,Sugarcane
29.06609437,79.01523076,6.282850411,119.33447240000001,Sugarcane
25.74836894,84.94118326,5.212361983,104.9493258,Sugarcane
29.21834271,76.13446389,7.658310074,105.4112753,Sugarcane
28.42122721,79.52441175,6.486696338,174.8976875,Sugarcane
28.81600633,83.9501556,6.030829893,160.1442466,Sugarcane
25.78720961,78.29599475,8.036608507999999,111.56807069999999,Sugarcane
26.02447028,79.53912093,6.26225012,109.21301940000001,Sugarcane
25.17130253,79.10554201,8.482069167,168.6831387,Sugarcane
27.97936569,84.58160642,7.604801359,136.71530990000002,Sugarcane
25.70411895,78.47683289,7.977506872,130.8586125,Sugarcane
29.95544134,76.12451553,7.973218141,164.20653280000002,Sugarcane
27.76524299,83.61715217,5.187777072,168.58115800000002,Sugarcane
29.00415186,81.35453438,7.197665947999999,138.2278615,Sugarcane
26.92665759,80.64463219,5.273813865,123.3120814,Sugarcane
29.55632756,78.99277082,7.601161553,142.5954882,Sugarcane
25.24176822,78.70195003,7.820163237999999,143.62911880000001,Sugarcane
27.59555793,82.61816025,8.148410145,138.1992024,Sugarcane
26.74432094,81.19277504,6.712298779,167.0732287,Sugarcane
27.53865279,81.63043607,5.820722915,121.9502867,Sugarcane
25.33770467,82.55156737,5.805609377000001,116.3355876,Sugarcane
28.16239338,79.64539569,6.915006374,141.4216428,Sugarcane
27.67911271,79.43195718,7.089331839,173.7722573,Sugarcane
26.28476984,79.69487801,6.282299627,125.0210353,Sugarcane
27.75262492,83.01442499,6.98898784,139.6193505,Sugarcane
26.685045799999997,80.84184748,6.686535811000001,103.0152818,Sugarcane
27.22363021,78.66550126,6.40255676,119.7231075,Sugarcane
27.93275013,77.68816009,8.012869729,166.39286059999998,Sugarcane
27.42237669,80.91689725,7.95666245,147.1411979,Sugarcane
26.70697391,81.25594629,6.473354505,126.621975,Sugarcane
28.843569300000002,83.41121327,6.321114121,103.32597940000001,Sugarcane
29.78328283,81.4942798,7.614913101,161.7630976,Sugarcane
26.96676041,78.34710237,7.63410412,105.3832639,Sugarcane
27.634393300000003,81.16215487,7.807895662999999,134.8226872,Sugarcane
29.51920776,75.74811709,5.382771452999999,168.3961732,Sugarcane
27.58552412,75.28718377,8.449789856,125.6589569,Sugarcane
27.24614082,76.71977281,8.034440415,104.62838719999999,Sugarcane
27.38239022,81.61330040000001,6.612721367000001,120.33780690000002,Sugarcane
29.79879995,79.88635021,6.1189534839999995,168.9495709,Sugarcane
28.76211931,76.20782722,5.506355973,145.8553539,Sugarcane
29.59746196,84.59025585,5.390525802000001,137.3702836,Sugarcane
26.44006401,77.7935365,7.049975019,115.5661784,Sugarcane
25.64839004,75.09520431,5.240775765,138.1572439,Sugarcane
26.4376674,82.86362985,7.078452613,138.39624750000002,Sugarcane
26.42754491,84.08627518,5.0318861660000005,125.3963908,Sugarcane
25.955037100000002,77.86793592,5.654669516,103.6989162,Sugarcane
27.23209908,79.30535684,8.283040502999999,140.63110469999998,Sugarcane
28.76069497,78.82125128,8.489422864,122.9810574,Sugarcane
26.139442000000003,82.05036116,5.224476408999999,158.9062744,Sugarcane
25.91221658,79.10178048,5.77209744,133.5093807,Sugarcane
26.62951593,80.70629544,8.400282253,145.7493347,Sugarcane
25.35792805,83.27971461,6.142758879,109.0962497,Sugarcane
26.21018093,84.58157973,8.299753112000001,161.682678,Sugarcane
29.42572371,76.84941069,8.370984044,116.543178,Sugarcane
25.08600918,81.47163129,5.294024726,166.9589455,Sugarcane
29.3347358,81.79933096,8.011504095,143.29050980000002,Sugarcane
28.26299061,81.02185463,7.332859966,152.7608761,Sugarcane
29.95369215,79.08654197,6.480853392,115.83783190000001,Sugarcane
29.55263507,77.47595302,6.950355361000001,108.1668762,Sugarcane
28.47590307,80.60163318,8.203607145,160.7784834,Sugarcane
26.67198502,77.57891165,6.85162395,153.5982061,Sugarcane
28.04046427,77.86672387,6.126097635,149.8267553,Sugarcane
26.11139474,78.59291233,7.937720682999999,134.79427819999998,Sugarcane
27.98216148,80.40728602,8.374222282,174.5314269,Sugarcane
27.84759023,82.6003271,7.903734768,100.03309420000001,Sugarcane
26.43206263,81.12378220000001,7.424446006,158.1893855,Sugarcane
26.45852235,79.19255241,7.498220455,151.81591809999998,Sugarcane
25.57752617,81.7274084,6.870229462999999,153.2915711,Sugarcane
27.63406751,77.4738787,6.773016462,140.51299519999998,Sugarcane
27.27736725,84.60550241,6.0235095329999995,152.886929,Sugarcane
27.17473508,79.2949454,6.106897086,137.80742130000002,Sugarcane
29.63163021,82.61872805,6.573881853,162.4096844,Sugarcane
29.17510907,79.21985592,6.658683067,131.0297066,Sugarcane
25.76397628,76.87744725,5.037524762,132.069063,Sugarcane
25.29762002,77.00992722,6.962420615,136.351388,Sugarcane
28.70487321,80.15847022,5.11612676,144.8719274,Sugarcane
27.17730799,76.20149564,7.001192677000001,139.04155830000002,Sugarcane
28.0567533,75.94187435,7.704006555,171.3167688,Sugarcane
25.7521499,75.54797549,8.304958302000001,129.4874528,Sugarcane
27.09128423,79.87706056,7.626967175,147.81637130000001,Sugarcane
28.92269159,84.71599072,6.1699822829999995,147.6158372,Sugarcane
28.59095969,84.26018842,6.9766882070000005,117.93376140000001,Sugarcane
26.14360941,82.17182009999999,5.950838699,129.6403373,Sugarcane
29.48439992,63.19915325,7.454532137,71.89090748,Black Gram
26.73433965,68.13999721,7.040056094,67.15096376,Black Gram
26.27274407,62.28814857,7.418650668,70.23207557,Black Gram
34.03679184,67.21113844,6.5018693139999995,73.23573601,Black Gram
28.03644051,65.06601664,6.814410927999999,72.49507741,Black Gram
28.81460716,65.33538112,7.581442888,62.26242533,Black Gram
34.03619494,64.28791388,7.741418772,66.85510868,Black Gram
33.8642935,61.57072498,6.573531614,68.02199825,Black Gram
32.84213012,68.68401492,7.5438042229999995,73.67166182,Black Gram
27.10053268,63.36085585,6.5408208,73.84949872,Black Gram
25.65842532,61.18235808,7.22405917,69.28607828,Black Gram
32.34744009,66.61452812,7.551364319,64.55882254,Black Gram
29.58949031,68.32176769,6.928898659,67.53021213,Black Gram
30.91219459,68.79427388,7.747775262999999,66.63830637,Black Gram
28.12787838,64.2097765,6.706505915,70.86340755,Black Gram
30.08545364,69.34811988,6.668238556,67.1367443,Black Gram
31.74379487,62.51007687,7.332375138,68.97097538,Black Gram
27.81326852,62.50460464,7.596802025,69.75555541,Black Gram
32.88733849,64.59457409,7.70650895,71.50569456,Black Gram
29.36358721,64.98742947,7.366542647,61.91208707,Black Gram
27.82592799,67.58618829999999,6.919243702,74.01229707,Black Gram
28.49538735,60.44848407,7.187721817999999,74.91559514,Black Gram
27.74274761,68.53997144,7.0758864720000005,71.78615328,Black Gram
30.41588462,67.66323804,6.74441168,63.02473185,Black Gram
27.325420899999997,69.09047809,6.726469087999999,61.19250859,Black Gram
30.28496619,61.69295127,6.628264883,65.62859526,Black Gram
28.56840626,61.53278622,7.127064207,63.49726331,Black Gram
25.36586097,66.6379724,7.538631462000001,65.81655892,Black Gram
34.9466155,65.26774011,7.162357641,70.1415139,Black Gram
25.09737391,67.72837887,6.859409487000001,74.61649888,Black Gram
32.47648301,64.34848735,7.397190844,65.82045699999999,Black Gram
33.86351172,68.59232289,6.880245789,69.24464096,Black Gram
25.19857725,60.37332688,6.581313137,70.88787207,Black Gram
31.77681682,69.01852894,7.296972161,61.46892873,Black Gram
34.89814946,63.59948557,6.97297656,64.72797143,Black Gram
31.74105409,68.63525428,7.241148507,62.3061735,Black Gram
27.16159076,66.76017239,6.92009048,69.85112265,Black Gram
26.23773129,67.88521396,7.504608385,73.58663968,Black Gram
30.20157245,60.06534859,7.152272256,66.37171179,Black Gram
31.55846339,67.83563765,7.137004749,74.86960831,Black Gram
29.67892453,69.0854554,6.8080417220000005,65.66436565,Black Gram
27.05365239,67.7017527,7.393631868,60.4693835,Black Gram
34.63880966,61.38597868,7.69950698,72.43169115,Black Gram
33.39438752,62.93692886,6.602888248999999,63.57445989,Black Gram
28.84079155,63.37230676,6.734447425,70.25496749,Black Gram
31.49338309,63.0563645,6.521217963,71.48327008,Black Gram
25.54960633,63.95425534,7.707332484,63.1830529,Black Gram
34.37329112,69.69366426,6.596719015,70.27184748,Black Gram
34.600824700000004,63.11296779,7.403623355,60.41790253,Black Gram
29.43463808,64.94329356,7.517097,72.17818157,Black Gram
29.10713092,67.90577375,7.17620823,67.83345933,Black Gram
28.57006111,65.71765781,6.593961761,70.0866434,Black Gram
27.54384835,69.3478631,7.143942758,69.40878198,Black Gram
33.04687968,68.93875631,6.690655045,62.30278274,Black Gram
33.95309131,69.96100028,7.423530351,61.16350463,Black Gram
30.11873003,60.11680815,6.578714842999999,71.72980375,Black Gram
29.57812712,66.17587668,7.4974692560000005,69.43895491,Black Gram
27.26458947,68.01232937,7.775306272000001,68.91754359,Black Gram
31.35730791,64.24992106,7.322555222999999,63.85668948,Black Gram
31.52104732,66.55723677,7.580527339,61.71111448,Black Gram
29.39982732,64.25510719,7.108450121000001,67.47677295,Black Gram
29.38400259,64.14928485,7.358974541,65.24194361,Black Gram
28.38686534,61.88871127,7.405176138,74.24459122,Black Gram
28.47442276,63.53604453,6.500144962,69.5274407,Black Gram
30.64095781,61.14508627,7.167435834,71.36947525,Black Gram
25.25596239,61.36669662,7.261791753,68.64685069,Black Gram
32.97030511,60.18122078,7.586642101,73.44678678,Black Gram
33.66855394,66.60416867,7.534811832999999,67.32520551,Black Gram
32.83963757,67.99803573,7.251000789,73.40452716,Black Gram
27.45853567,62.90020977,6.513620917999999,69.46020927,Black Gram
25.68576704,69.84354028,7.121254928,74.62068748,Black Gram
30.0328403,64.14800537,7.574561547,71.21006868,Black Gram
28.20667264,68.27085245,7.350869792,64.32887142,Black Gram
28.27265858,61.18956161,7.513151076000001,63.29900785,Black Gram
28.541723600000005,64.2020154,7.025607706000001,69.68862306,Black Gram
26.87187036,61.61367264,6.804253866,63.51822045,Black Gram
32.79766751,68.77994074,7.163043872,64.11411069,Black Gram
26.42333018,64.51136845,7.338929556,63.46546487,Black Gram
29.79181107,63.38789228,6.621323612,63.02169909,Black Gram
27.44003279,67.10464369,6.661870999,72.50669768,Black Gram
34.1262979,65.14877461,7.733149554,70.40795007,Black Gram
30.94908189,64.23364112,7.402891666,62.78730907,Black Gram
28.75751783,61.02701476,6.599147297999999,73.37686831,Black Gram
27.24766491,66.10123083,7.04174124,62.31842057,Black Gram
28.63005477,66.770943,7.353876754,62.273734499999996,Black Gram
26.41768321,63.64698302,7.026795358999999,64.42177127,Black Gram
32.81705216,66.15665137,6.814301033,68.83924882,Black Gram
29.632105199999998,65.91359954,7.42160832,71.16331975,Black Gram
33.49077065,62.73317204,6.8473828910000005,65.45328463,Black Gram
31.86847286,66.74217464,7.191522601,74.22238583,Black Gram
30.32992227,65.62971858,7.01285529,71.64631281,Black Gram
28.546224,66.31394098,7.368318809,62.83469851,Black Gram
30.02629908,67.88811637,7.26154329,66.47264636,Black Gram
31.65531175,60.13263713,6.52669158,66.69096751,Black Gram
30.33499674,63.54718862,6.872594461,74.16699119,Black Gram
33.36984395,65.67718163,6.874142175,64.89517488,Black Gram
31.4345059,62.99303471,7.76061831,64.77651469,Black Gram
27.71678273,63.29103387,6.781841984,68.56507978,Black Gram
32.63918668,61.300905099999994,7.326980454,61.83876146,Black Gram
32.7477393,67.77954584,7.453975408,63.37784443,Black Gram
36.51268371,57.92887167,6.03160778,122.65396940000001,Pigeon Peas
36.89163721,62.73178224,5.269084669,163.7266551,Pigeon Peas
29.23540524,59.38967583,5.9857927029999995,103.3301803,Pigeon Peas
27.33534897,43.35795962,6.09186275,142.33036769999998,Pigeon Peas
21.0643684,55.46985938,5.624731337999999,184.6226709,Pigeon Peas
30.33276599,42.35249879,6.446091759,149.299952,Pigeon Peas
31.80130272,45.03186173,5.623490042999999,147.03614419999997,Pigeon Peas
33.18184225,38.23184742,5.864623352000001,198.8298806,Pigeon Peas
29.38538562,63.47742011,5.761702519,90.05422663,Pigeon Peas
30.27374995,67.38680755,4.696518678,127.7767134,Pigeon Peas
35.45790488,68.75810535,5.2695042139999995,108.63330459999999,Pigeon Peas
33.80020039,40.03262418,7.4454448829999995,176.6165894,Pigeon Peas
28.69180475,49.47225353,5.833031707999999,96.36222901,Pigeon Peas
31.24021696,56.67369054,7.339320928999999,122.0146733,Pigeon Peas
28.98039357,57.23265151,6.347929353,120.7435664,Pigeon Peas
27.32198928,34.13737127,4.697750704,96.51524028,Pigeon Peas
21.47607807,38.80023714,4.962661422,180.382234,Pigeon Peas
18.31910448,34.69776639,4.964887857,107.4721605,Pigeon Peas
36.97794384,37.73992903,5.642813116,161.48129630000003,Pigeon Peas
24.80467592,40.1242747,5.6093956,121.56391210000001,Pigeon Peas
19.347944299999998,55.96805489,4.681576043,194.5921148,Pigeon Peas
28.88302142,50.12323801,5.70951224,179.2155874,Pigeon Peas
19.54314136,47.19188279,6.413543781,192.4372194,Pigeon Peas
24.774194899999998,50.54621094,6.007508163,114.2821387,Pigeon Peas
18.33124824,38.40975482,4.946369874,139.64833169999997,Pigeon Peas
19.14729038,45.373375700000004,5.5172080779999995,132.7748215,Pigeon Peas
28.23416057,49.442134499999995,5.902103172,186.5008581,Pigeon Peas
30.11812084,34.13307843,5.719889876,157.0858232,Pigeon Peas
33.4126864,35.42910045,4.548202098,139.6702541,Pigeon Peas
24.18553163,46.68746847,6.6695294160000005,177.3377996,Pigeon Peas
26.88630675,41.69617915,4.7509292180000005,94.46748008,Pigeon Peas
31.33170829,57.97429171,4.946263888,161.7820226,Pigeon Peas
33.30711818,67.07780816,5.266227032,108.50901680000001,Pigeon Peas
23.45379018,46.48714759,7.10959773,150.87122019999998,Pigeon Peas
34.53823889,39.04468913,5.617008201,168.5948318,Pigeon Peas
19.50112224,34.51086611,5.632353113,197.3752649,Pigeon Peas
28.76794904,37.57792132,4.674941549,91.72084869,Pigeon Peas
30.97758716,32.24914235,7.161797643,180.716828,Pigeon Peas
18.39759147,36.82639309,6.624966131,93.12330644,Pigeon Peas
35.09357419,30.98685456,5.004074623999999,116.91069080000001,Pigeon Peas
34.93174223,30.40046769,6.3458060110000005,159.2649827,Pigeon Peas
29.50523036,35.72032498,6.216814453,187.8961851,Pigeon Peas
34.51934775,47.52980027,5.921666758,129.0064612,Pigeon Peas
28.43430726,52.10010827,6.012719118,147.0414824,Pigeon Peas
18.41645629,34.80541039,4.684079249,163.27474730000003,Pigeon Peas
31.07508973,47.19847683,7.077170002000001,91.31256412,Pigeon Peas
20.89342749,46.24856523,6.208843215,195.5697875,Pigeon Peas
30.90607799,52.79913039,7.05181629,170.99198280000002,Pigeon Peas
27.9348279,66.45457122,4.722222454,145.3728801,Pigeon Peas
35.95176642,36.52780776,6.418062652000001,136.0456753,Pigeon Peas
19.54317155,56.92831399,4.803564468,173.1686574,Pigeon Peas
19.63736208,32.31528909,4.608695247,176.4134092,Pigeon Peas
31.2192752,56.46868874,5.611510977000001,129.20286529999998,Pigeon Peas
33.50876355,45.70976142,7.322097972000001,126.6738117,Pigeon Peas
24.80710166,45.01110015,5.023115055,188.4928637,Pigeon Peas
36.20970524,31.94550613,5.617122801,191.0658531,Pigeon Peas
30.50420876,35.48885969,5.391560417999999,162.59277230000004,Pigeon Peas
26.01630259,49.94704718,5.906596905,160.33374469999998,Pigeon Peas
31.48469278,35.6395615,6.574209678,100.546816,Pigeon Peas
33.15122581,32.45974539,4.807776748999999,105.03802749999998,Pigeon Peas
23.50222822,51.29019509,4.760038038999999,192.3023991,Pigeon Peas
34.87248659,38.83786012,5.180271502,148.25027859999997,Pigeon Peas
28.09269012,44.93322042,4.895927306,197.11440109999998,Pigeon Peas
24.54757829,57.3414485,6.436160044,118.36065570000001,Pigeon Peas
33.64769646,48.41490082,7.066087261,100.46732779999999,Pigeon Peas
20.5591255,60.54880693,6.655918077999999,191.08951090000002,Pigeon Peas
19.95991719,59.33157782,5.982854522999999,195.787103,Pigeon Peas
28.87667593,62.4901206,5.457871272999999,182.2688175,Pigeon Peas
36.04353699,43.61444121,4.759490199,159.8938645,Pigeon Peas
23.6734328,47.2879691,7.342409555,141.12507219999998,Pigeon Peas
25.74679443,40.7192594,4.820788186000001,100.7791633,Pigeon Peas
31.08564994,66.68832981,6.2420520129999995,175.9303271,Pigeon Peas
18.72987676,61.33186249,5.001038726,139.8710041,Pigeon Peas
29.50304807,63.46513414,5.560224582999999,189.5208915,Pigeon Peas
20.43517772,39.37252634,4.747352458,137.22796619999997,Pigeon Peas
36.00415838,56.01334416,7.313517308,134.8596466,Pigeon Peas
31.46846241,35.39454002,5.661826398,174.5723999,Pigeon Peas
36.30049702,56.03021253,4.6724370539999995,101.6073988,Pigeon Peas
29.49096726,67.10604388,6.471862118,153.2504506,Pigeon Peas
30.5753044,34.75591197,5.384762927000001,177.5764304,Pigeon Peas
24.69487673,59.96669215,5.859813416000001,91.95792434,Pigeon Peas
23.17409556,36.67847052,6.962386495,162.5931264,Pigeon Peas
19.04380471,33.10695144,6.12166671,155.3705624,Pigeon Peas
29.32379604,45.93248374,6.421748487,165.4113371,Pigeon Peas
34.6455408,54.32342534,4.828936119,180.90099980000002,Pigeon Peas
21.9989826,56.31006755,6.98571967,136.82743119999998,Pigeon Peas
22.99774444,60.24218572,4.603563116,159.689339,Pigeon Peas
30.55992394,35.29006485,6.979540061,178.8998611,Pigeon Peas
31.46417866,48.17631461,7.064973419,165.40535400000002,Pigeon Peas
25.95058595,40.58227261,5.16516459,109.1821183,Pigeon Peas
21.01142393,69.69141302,5.111488821,185.2039114,Pigeon Peas
19.25100056,47.70351758,5.374358869,149.063196,Pigeon Peas
19.24462755,50.54495302,5.671419084,180.64652819999998,Pigeon Peas
22.47253208,62.56532471,5.667419697000001,96.74706956,Pigeon Peas
36.75087487,58.25799145,6.07938452,124.60281529999999,Pigeon Peas
29.89286629,66.35375127,6.931924962999999,198.1403003,Pigeon Peas
29.37735586,44.82294584,6.842744374,172.40168,Pigeon Peas
29.65052947,42.89833235,6.876572502999999,186.9226052,Pigeon Peas
19.54284889,66.34777265,6.151029296,173.11069819999997,Pigeon Peas
20.04611791,48.93905624,4.567446499,122.4564203,Pigeon Peas
17.02498456,16.98861173,7.485996067,88.55123143,Chick Peas
19.02061277,17.13159126,6.920251378,79.92698081,Chick Peas
17.88776475,15.40589717,5.9969320370000005,68.54932919,Chick Peas
18.86805647,15.65809214,6.391173589,88.51048983,Chick Peas
18.36952567,19.56381041,7.152811172000001,79.26357665,Chick Peas
20.45078582,15.40312102,5.988992796000001,92.68373702,Chick Peas
20.654320300000002,16.60820843,6.231049027999999,74.6631118,Chick Peas
17.3348681,18.74926979,7.550808267000001,82.61734721,Chick Peas
18.17912258,18.90426935,7.010570541,81.84997529,Chick Peas
18.01272266,18.30968112,8.753795334,81.98568791,Chick Peas
20.99373558,19.33470387,8.718192847000001,93.55280105,Chick Peas
19.46233971,15.22538951,7.976607593,74.58565097,Chick Peas
19.81344531,14.69765308,6.515499548999999,78.96514709,Chick Peas
18.97424756,19.5161216,8.490127142,80.7108745,Chick Peas
18.19737048,14.71070537,6.576415562,70.18185181,Chick Peas
18.72963144,19.18197264,6.481783042999999,71.58010169,Chick Peas
20.99502153,19.8601304,7.966605025,73.50734019,Chick Peas
20.28155898,16.39535215,8.140825437,82.52339655,Chick Peas
17.48042641,15.7559405,7.228963452,66.96980581,Chick Peas
20.88818675,14.32313811,6.492546046,90.46228334,Chick Peas
17.08498521,16.14565756,7.528599957000001,71.31007253,Chick Peas
20.09340593,15.11279612,7.701446446,85.74904898,Chick Peas
17.57212145,14.99927489,8.519975748,89.31050665,Chick Peas
19.12065218,18.43475844,6.620900869,85.52950164,Chick Peas
18.57665902,19.22008229,8.104396057999999,72.94940441,Chick Peas
17.16606398,14.42457525,6.204090835,72.32667516,Chick Peas
18.2872007,16.67921616,6.051091339,74.87445574,Chick Peas
19.03025305,18.66725565,7.690962337999999,94.70992037,Chick Peas
17.141861399999996,17.0662427,7.829211143999999,83.74606679,Chick Peas
17.47809436,17.93253975,6.761599706,78.92060234,Chick Peas
20.56601874,14.25803981,6.654425315,83.75937135,Chick Peas
17.22385224,15.82069268,6.129533877,76.57580954,Chick Peas
19.69141713,19.44225438,8.829273328,91.76071648,Chick Peas
17.84851658,19.09172907,8.621662982,76.32470713,Chick Peas
18.820225100000002,16.1074793,8.204862075,89.73119396,Chick Peas
17.47500984,16.54314829,6.18042747,93.35034262,Chick Peas
18.72649425,17.58406365,7.978996755,81.20176515,Chick Peas
18.65580107,16.17772668,7.863113671,81.70769297,Chick Peas
18.2356751,19.68538502,6.967843048,83.74879344,Chick Peas
18.81198127,15.21618225,6.206582192999999,77.54294240000002,Chick Peas
18.65054116,17.80852431,8.868741443,77.92798682,Chick Peas
20.36720401,16.89574311,8.766128654,82.2545577,Chick Peas
18.38120357,16.63805158,8.736337905,70.52056697,Chick Peas
17.17012591,17.30457712,8.081095263,72.78624223,Chick Peas
19.37101121,15.77458129,6.138243973,85.24819851,Chick Peas
17.92845928,14.27327988,7.496645259,85.37378769,Chick Peas
19.45339934,18.23490739,8.380185271,75.6317566,Chick Peas
19.12829388,14.92241479,6.289614016,89.61857826,Chick Peas
19.1034283,17.26184541,6.586777189,75.49101167,Chick Peas
17.48504075,16.96070581,6.89655198,86.05078037,Chick Peas
19.40751744,18.98030507,7.806747656000001,80.25064637,Chick Peas
20.18649426,19.63719995,7.150681303,78.26039559,Chick Peas
17.30287885,15.15405941,6.64919573,75.57790384,Chick Peas
17.50361137,15.48083156,7.778591617999999,72.9446671,Chick Peas
18.17234999,14.70085967,6.358740355,90.7760707,Chick Peas
17.57445618,16.71826572,8.255450758,77.81891424,Chick Peas
20.93175255,18.91295403,6.456148474,78.06910795,Chick Peas
19.71098332,17.63879418,6.613072145,85.57925437,Chick Peas
19.07937684,17.86754927,8.165359297,69.40619137,Chick Peas
18.54988627,16.02542689,7.64867466,76.32565249,Chick Peas
18.19903647,17.41333199,6.545888558,80.6405403,Chick Peas
18.88852533,14.99451145,7.1042247970000005,80.11133840000001,Chick Peas
18.49311205,14.72115044,7.358099622,91.94595352,Chick Peas
19.48974337,17.17260319,6.4740245000000005,87.51312796,Chick Peas
17.25769499,18.74943955,7.8403393889999995,94.00287214,Chick Peas
19.62416326,18.71483156,7.064790365,88.4585692,Chick Peas
20.67526473,19.85388984,7.599033472,84.78344008,Chick Peas
20.02381489,16.63294455,6.715587232000001,68.97806542,Chick Peas
20.118744600000003,14.44228303,6.81712422,88.68168643,Chick Peas
20.65691793,15.84572566,7.985417393,65.23811143,Chick Peas
19.2582557,14.2804191,7.545258424,65.78042032,Chick Peas
17.927806,15.85622899,7.728998197,74.63872762,Chick Peas
19.16288268,15.83500655,7.354973451,82.69766829,Chick Peas
20.26942271,19.96978871,7.313122235,69.64449182,Chick Peas
17.09104223,18.25142068,7.785039076,87.27444866,Chick Peas
17.06579293,17.54024066,6.307004922999999,70.87150577,Chick Peas
20.62767492,14.44008871,6.4039823160000005,92.06630306,Chick Peas
20.8248451,17.85057083,7.599279991,79.20509212,Chick Peas
19.46210401,18.72831993,7.217018459,68.81405149,Chick Peas
17.18248372,16.42891834,7.561108006,72.85017344,Chick Peas
17.48911699,16.39055394,7.489545074,79.45758333,Chick Peas
17.48395377,14.76014523,6.609696734,65.11365631,Chick Peas
19.48316794,17.44534641,7.476800943,80.4986291,Chick Peas
19.71359733,18.09665739,7.325451279,73.64476535,Chick Peas
19.48649305,16.06240074,6.489389282,81.52842690000001,Chick Peas
19.95264829,14.82633099,7.786366322,88.6810311,Chick Peas
19.41789736,16.80472243,6.408437886000001,68.4951189,Chick Peas
19.45591848,18.02235902,8.423873703,78.44910564,Chick Peas
20.19137759,16.41998269,8.719960893,77.33795356,Chick Peas
18.8392908,14.74071856,7.811997977000001,94.78189594,Chick Peas
20.71219282,19.83643308,6.317153205,94.03659867,Chick Peas
18.99424448,15.9362937,7.1144052879999995,78.69707199,Chick Peas
19.96837462,15.57324389,8.135900726000001,69.15759062,Chick Peas
17.81564548,17.60756635,7.714153037999999,90.82097601,Chick Peas
20.71424384,15.27824066,7.103798069,76.77888672,Chick Peas
17.34150229,18.75626255,8.861479668,67.9545435,Chick Peas
17.43732714,14.33847406,7.861128148,73.0926704,Chick Peas
18.89780215,19.76182946,7.4526709,69.09512477,Chick Peas
18.59190771,14.77959596,7.168096055,89.60982451,Chick Peas
18.31561493,15.36143547,7.26311855,81.78710463,Chick Peas
29.36792366,76.24900101,6.149934034,92.82840911,Banana
27.33368994,83.67675197,5.8490760989999995,101.0494791,Banana
27.40053601,82.96221306,6.276800323,104.9378,Banana
29.3159075,80.11585705,5.926824754,90.10978128,Banana
26.05433004,79.39654531,5.5190884229999995,113.2297373,Banana
25.86632408,84.42379269,6.079178787999999,114.5357503,Banana
27.00932084,80.18546798,6.13465588,97.32531705,Banana
29.55054817,78.06762846,5.808497603999999,99.34482238,Banana
26.28845991,83.390039,5.891458107,113.8729798,Banana
29.16226551,76.16151562,5.816622478999999,100.0075679,Banana
28.65003945,82.68752542,5.8431631610000005,98.75084366,Banana
29.07311132,76.50045221,6.376756632999999,100.1692639,Banana
28.08166093,75.26429821,5.623615687000001,118.2761894,Banana
27.199459700000002,78.80860679999999,5.91505509,99.72430835,Banana
28.05484146,78.04602887,6.4587148789999995,108.3957179,Banana
25.14748006,83.34688193,5.565028635,98.66679427,Banana
25.94019018,78.3422098,6.211833161,119.84796999999999,Banana
27.66752761,79.68542782,6.490074429,108.66463999999999,Banana
25.56703012,75.94067692,5.590236025,102.7867717,Banana
28.6956201,82.54195839,6.225225238999999,116.16168390000001,Banana
26.33544853,76.8532006,6.190757458999999,118.6858263,Banana
25.93730186,78.89864446,5.915568968,98.21747528,Banana
25.13686519,84.88394407,6.195152442,91.46442491,Banana
27.50527651,80.79783998,6.156373499,105.07769920000001,Banana
26.21009246,82.34429458,6.313197204,112.07000330000001,Banana
29.10403455,79.19588629,6.324270089,92.07835761,Banana
29.244063800000003,77.32017166,5.7074889870000005,90.66727868,Banana
25.56202173,77.38229006,6.119216009,93.10247183,Banana
26.3985515,81.36028902,5.571401169,98.16752001,Banana
28.09577643,77.79586769,5.63127166,109.54086140000001,Banana
27.84767901,83.31110751,6.101241579,117.2878912,Banana
27.39341554,81.4654833,6.438137278999999,94.31102057,Banana
25.14517635,81.38204104,6.098369122,119.218154,Banana
28.65456263,79.28693687,5.695267822000001,102.4633775,Banana
29.16093424,76.67484233,5.618094446000001,109.57594399999999,Banana
27.57278064,82.0638878,6.435785799,91.34276507,Banana
25.40909896,82.36208097,6.176644228,112.9794804,Banana
25.99069521,83.33983116,6.220643671,112.0777152,Banana
26.29039046,81.06003778,5.871702211000001,118.67303659999999,Banana
29.14827211,78.71024836,6.390741836,117.536781,Banana
26.59743595,79.35898915,6.21084479,107.3944717,Banana
25.36059237,75.03193255,6.012696655,116.55314550000001,Banana
29.12036889,80.18080728,5.908770059,112.39820549999999,Banana
27.53911354,77.25629897,6.049801781,110.3262123,Banana
29.66727337,83.51014178,6.010095852999999,110.2511102,Banana
25.05802193,84.97323747,5.738678895,110.4408803,Banana
25.86824781,78.52399914,5.74055541,116.30195549999999,Banana
25.85036988,81.95580471,5.793260262,119.08561709999998,Banana
26.51682337,77.79913575,5.50947065,108.85475079999999,Banana
28.66725136,79.59242542,5.986442306,118.25834409999999,Banana
28.14938935,81.54448882,5.790768046,91.40508414,Banana
26.42313317,83.69950440000001,5.915546415,95.12322062,Banana
26.59386409,81.40740301,6.242528277999999,109.9825551,Banana
27.71822477,76.57853189,6.036079266000001,102.20998359999999,Banana
28.98333432,82.95958244,5.829898502000001,109.02256399999999,Banana
29.42017919,83.96754496,6.088064451,117.229079,Banana
27.39872329,81.10523402,6.4693709539999995,112.1355384,Banana
26.4020227,84.41007614,5.720726906,111.01622590000001,Banana
27.81251452,82.69285419,5.80766417,99.20961514,Banana
25.19640218,83.55829874,5.703381727999999,115.8586081,Banana
28.31193338,75.77363772,6.165001277999999,119.695765,Banana
25.90113128,80.47152737,6.002481605,110.10323000000001,Banana
27.48612983,76.11239849,6.212369363,109.2768851,Banana
29.38254012,83.50423735,5.765308943,109.2486647,Banana
29.22118628,81.08183635,5.740764682000001,108.86164740000001,Banana
27.09062164,81.33506906,5.879119455,110.1331182,Banana
26.12643374,81.81365007,6.099478745,104.4812858,Banana
29.01207743,77.95192527,5.674403358999999,90.43495443,Banana
27.96799119,79.28625709,5.694243847,119.4765557,Banana
28.076445500000002,76.05522115,5.905494703,118.99235729999998,Banana
25.16278237,84.97849241,6.110844721,90.94554618,Banana
25.78749808,84.51194224,6.020445317,114.2005455,Banana
25.34119774,84.47321314,6.435917308,91.06493353,Banana
29.44795403,78.34971537,5.505393832999999,96.45042585,Banana
26.47522633,78.51833782,5.677719902000001,113.1161095,Banana
27.39489579,83.31172003,5.719014989,92.78133617,Banana
25.08347445,80.26173100000001,6.275572297999999,94.32961456,Banana
26.671983500000003,76.48541655,6.275384607,91.73358569,Banana
25.44926208,79.49221962,6.201911642000001,100.6619171,Banana
28.22776705,80.64303840000001,5.758054257,98.00403016,Banana
28.127950899999995,77.48247073,6.3239336470000005,103.5045395,Banana
28.9470467,82.1888998,5.901100841,95.83016448,Banana
27.96236771,84.15403614,5.644486582000001,97.55986676,Banana
28.00316034,78.90085998,6.235461772000001,94.68180316,Banana
29.140091899999998,80.1190228,6.28236237,90.45142867,Banana
27.9122104,83.36307683,6.356090905,90.24211529,Banana
25.43480512,81.53977797,5.837258235,96.47800391,Banana
28.55980972,84.51602322,5.653437902,111.08430290000001,Banana
26.59580783,82.99556744,5.727469947,100.51233409999999,Banana
27.19711623,77.39706290000001,6.200111067999999,99.46950465,Banana
25.29391516,79.29122198,5.614471478,105.4220251,Banana
29.90888522,76.98740841,6.257369799,91.99964712,Banana
27.94972463,76.63713353,6.037430836,109.09216310000001,Banana
25.01018457,78.76260938,5.760457558,108.36905130000001,Banana
29.21144871,84.70189923,6.1581644220000005,108.5501443,Banana
27.35911627,84.54625006,6.387431382999999,90.81250457,Banana
28.010680400000002,76.52808057,5.891413895,103.70407829999999,Banana
28.67208915,82.20793613,5.725418961,94.37987496,Banana
27.34585147,78.48738349999999,6.281069505,92.15524332,Banana
29.50704598,78.20585613,5.507641777999999,98.12565829,Banana
29.99677232,81.54156612,6.112305667,67.12534492,Grape
30.728040399999998,82.42614055,6.092241627000001,68.38135469,Grape
32.44577836,83.88504863,5.896343436,68.73932528,Grape
37.46566825,80.65968681,6.15526103,66.83872293,Grape
22.03296178,83.74372787,5.732453638,65.34440794,Grape
39.64851881,82.21079946,6.253034534,70.39906054,Grape
16.77557314,82.75241875,6.106190557000001,66.76285469,Grape
12.14190714,83.56812483,5.647202395,69.63122027,Grape
12.7567962,81.62497448,6.130310493,66.77844567,Grape
39.04071989,80.18393287,6.499604931,73.88467027,Grape
39.70772192,82.68593454,5.554831977,74.91506217,Grape
9.467960445,82.29335466,5.800242694,66.02765219,Grape
29.58748357,80.91934392,5.570290539,68.06417307,Grape
17.82803682,80.96093443,6.27564088,65.84748763,Grape
8.825674745,82.89753705,5.536645599,67.235765,Grape
27.83487131,83.51444973,6.208196881,73.02882766,Grape
11.02105378,80.55557235,5.870600622,68.23963161,Grape
17.5862944,80.84806564,6.334771461,71.40654520000001,Grape
19.89363946,82.73366439,5.856575335,69.66256816,Grape
29.93707596,81.77713468,5.898944282,65.52279323,Grape
36.73126647,80.58931938,5.775600435,72.24230804,Grape
20.42094753,81.54185044,5.931101816,66.93065667,Grape
25.51939719,83.98351748,6.2286454,69.17281221,Grape
30.50734778,82.71775569,5.594240602999999,70.08200379,Grape
18.426993600000003,80.55625868,5.569230319,69.75734306,Grape
12.087022,83.59398734,5.93202852,68.66813363,Grape
23.60115364,82.48336987,6.423216506,73.23901752,Grape
12.80000387,81.20876367,6.417500829,67.10439401,Grape
38.06099482,82.24729637,6.234904253,65.70148216,Grape
39.06555518,82.03812973,6.000573725,69.30772897,Grape
33.78372897,81.16314317,5.685102768999999,74.53557341,Grape
16.76201707,82.00335557,5.662140095,73.28712806,Grape
35.89307536,82.66850729,6.358186848,66.53946559,Grape
21.01245395,81.17931863,6.119495295,66.38448261,Grape
10.89875873,80.01639435,6.207600782999999,68.69420397,Grape
16.36251869,83.00471609,6.48754639,71.55665483,Grape
20.28370163,81.32235739,5.81717753,71.06611222,Grape
25.11108456,83.25447587,6.325480034,73.01026829,Grape
33.4641162,83.86742974,5.562790949,67.92204319,Grape
11.7976469,80.86325389,6.487369687,65.06962486,Grape
11.36300891,80.03100049,6.116982944,71.18289431,Grape
25.23542319,80.68700527,5.695792761,67.03840888,Grape
15.99050693,81.23966573,5.7343170070000005,74.40198861,Grape
22.4359017,80.18612085,6.329499832000001,65.3973168,Grape
34.76086052,81.03544763,6.167013532,65.70430027,Grape
31.11047251,83.34010951,5.653776057999999,71.43001582,Grape
28.57828803,80.95628959,5.840256272,73.34232097,Grape
41.18664903,81.01783402,5.5399808120000005,68.68895899,Grape
27.02766138,83.17093908,5.833302165,70.95666003,Grape
21.19339319,82.33098331,6.399433771,74.62834921,Grape
10.38004759,83.44518113,6.138958698,67.39173790000001,Grape
31.3115978,82.56407013,5.972850837999999,65.01095312,Grape
20.46657776,80.97598029,6.456079585,71.29813872,Grape
29.36947679,81.53996362,6.3364266670000005,66.13442813,Grape
10.72302459,80.02130636,6.425419926,65.29821120000001,Grape
14.97846952,80.49979873,6.294395676000001,71.63437433,Grape
15.324665099999999,81.67215994,6.477768039,71.60102999,Grape
18.73932187,81.12109244,5.931538447,73.55807954,Grape
19.3642553,83.36094029,5.980598579,67.15094741,Grape
41.20733624,81.61051026,6.389783283,65.90227462,Grape
33.34214482,82.51034633,5.693287415,70.68098614,Grape
23.81995682,80.12211649,6.00299607,67.27398640000001,Grape
40.66012294,81.24995984,6.372959542,74.03030056,Grape
11.82768186,80.2827185,5.510924848999999,74.10225057,Grape
13.28504331,83.54193816,5.69945282,65.80006004,Grape
35.83089092,83.32560104,5.778594403,73.67984885,Grape
26.18159716,81.03886263,6.315586313,66.05911698,Grape
24.57558351,80.70695797,5.9718130060000005,69.706113,Grape
29.67229086,83.71498986,5.891195653,66.48490371,Grape
39.37102553,81.25353895,6.129812716,74.08101744,Grape
17.66558428,82.92903419,6.313085601,69.8671263,Grape
24.06679352,82.66396666,6.053662544,69.81855775,Grape
15.31413469,80.09711412,5.804799142,74.82144653,Grape
21.77466746,80.54942557,6.400719746,69.39630398,Grape
26.91624843,80.76838926,5.953966361,69.30927185,Grape
41.65602996,82.22118237,5.6092559920000005,74.19664838,Grape
17.98667801,81.17712085,5.777271492000001,72.37127689,Grape
29.12033769,82.79092939,5.682395429,68.8503047,Grape
34.38922481,83.18392806,5.863996687,71.03001556,Grape
41.36106301,82.79782954,6.444373116,69.92107482,Grape
35.12158265,82.26890793,5.550832177999999,69.71518491,Grape
19.6491772,80.15215777,6.107741787999999,73.69529586,Grape
16.27852801,82.94270065,5.620745638,66.57462809,Grape
21.11903604,80.63399198,6.349875906,69.27779761,Grape
19.2077707,82.90428409999998,6.4843231889999995,66.83113717,Grape
25.96308415,82.57813624,5.838748311,70.31782647,Grape
25.67385024,81.6212135,6.29099842,74.10919422,Grape
41.94865736,81.15595212,5.638328481,73.06862952,Grape
11.18994268,80.8084305,6.415555956,66.34234944,Grape
17.5438296,82.94703302,6.323722572,73.77063744,Grape
13.05809741,80.28297993,5.757009965,70.75633584,Grape
9.724457611,83.74765639,6.158689406000001,74.46411148,Grape
27.92004934,82.93262435,5.7335398070000005,69.92092839,Grape
9.535585543,80.73112694,5.908724337000001,69.44115171,Grape
13.42988625,80.06633966,6.361141107000001,71.40043037,Grape
9.851242629,80.22631717,5.96537863,68.42802444,Grape
24.97256132,82.72828653,6.4767577229999995,66.70016285,Grape
27.23708304,82.94573346,6.224542938,70.42508897,Grape
18.70679077,83.4795292,6.209928251,66.5964488,Grape
9.949929082,82.55138983,5.841138354,66.00817551,Grape
29.73770045,47.54885174,5.9546266039999995,90.09586854,Mango
33.55695561,53.72979826,4.757114897,98.67527561,Mango
27.00315545,47.67525434,5.6995869720000005,95.85118326,Mango
33.56150184,45.53556603,5.977413802999999,95.70525913,Mango
35.89855625,54.25964196,6.430139436,92.19721736,Mango
34.17719782,50.62161586,6.113935087000001,98.00687989,Mango
30.01592643,53.19212381,5.074272692,97.72843182,Mango
31.74592134,45.16127859,5.667507706,93.75441586,Mango
35.99009679,52.22780489,5.978634285,95.3713484,Mango
31.86641378,52.19331595,5.064613314,98.46768642,Mango
27.75518664,52.34605806,4.772385986000001,94.11213345,Mango
34.72413192,51.4271781,5.161148592,97.31258083,Mango
27.53907547,53.63549533,6.797779227,99.35408185,Mango
27.69637763,48.56224879999999,6.39474303,89.85646496,Mango
27.25373364,52.66319725,5.566704378,91.87312479,Mango
30.33723921,48.88704844,5.755049971,94.42850522,Mango
31.85744939,45.53106268,5.417340525,91.55845821,Mango
35.39986338,49.45962621,6.166173833999999,97.41054011,Mango
29.80747243,52.13797867,5.191265116,95.74606104,Mango
34.16438906,54.16482251,4.954739564,98.33351125,Mango
28.93270187,47.94053996,5.664587011,99.9834242,Mango
27.98392787,53.33018851,5.548584852,99.61465679,Mango
31.20478173,54.49960506,6.804437106,94.62954663,Mango
32.13409675,50.52559148,6.097869767000001,98.63333684,Mango
28.91862016,48.13974548,5.075504537,97.01331604,Mango
31.09779147,47.41196659,4.546466109,90.28624348,Mango
34.73823882,49.08864345,5.855119267999999,90.65022183,Mango
29.98080499,49.48613279,6.442393461,91.82271568,Mango
33.80398664,46.12866113,4.507523551,90.82549241,Mango
30.07202564,50.96040505,6.10729559,92.09609766,Mango
27.92063282,51.77965917,6.47544932,100.2585673,Mango
31.40948821,49.21729127,6.832979508999999,92.99739415,Mango
35.7877738,51.94190321,5.395275719,100.2160615,Mango
33.36140093,45.02236377,6.13526938,98.81596545,Mango
35.96054636,48.69677802,4.555688532,98.00644238,Mango
28.33333307,51.39586505,6.4341977560000005,91.67241761,Mango
32.27652024,50.19368841,5.316875978000001,95.99487068,Mango
31.99490489,50.84881347,5.279388967,97.38741498,Mango
27.58258929,48.56916221,6.720041791,95.8445641,Mango
29.38471637,45.88744691,5.72742254,100.8124659,Mango
32.38697531,53.232824300000004,4.691396195,90.21633216,Mango
30.91471455,49.92963856,6.810186079,90.14047759,Mango
35.37775595,45.58110023,6.4540453289999995,97.41586402,Mango
32.32362177,52.58967710000001,5.842763773,93.36718816,Mango
28.22373428,47.40519056,5.024124683999999,97.76832322,Mango
27.27433181,47.16808054,6.422710539,95.257992,Mango
27.10710832,50.70880979,4.94295037,92.37238878,Mango
34.89226666,48.75613373,6.414526606,91.63074547,Mango
33.7462686,48.50387598,6.777788126,92.26439205,Mango
27.351105600000004,54.43945147,6.441328044,96.27792547,Mango
32.89300162,52.61323969,4.650536197,94.49161372,Mango
35.38598705,51.42664176,5.254532213,90.29643888,Mango
27.552973600000005,47.90859131,5.910634533,90.40332704,Mango
32.82141065,47.45553843,4.755273631000001,90.89173106,Mango
30.17294105,51.0845903,6.814630246,95.23444287,Mango
29.26382931,54.82257868,5.342866119,100.7586226,Mango
32.06097197,51.08494181,6.336234623999999,96.59816497,Mango
28.69818144,47.71875722,4.754435025,99.642454,Mango
29.14305008,49.40983294,6.831706773,97.55155537,Mango
28.347161100000005,53.53903102,6.9674177660000005,90.40260445,Mango
27.67256197,45.41692012,4.947683034,92.84991507,Mango
28.1218093,46.16888595,5.630619901,93.30247448,Mango
30.79375683,46.69536813,6.27339822,92.21318555,Mango
28.89409382,54.80750249,6.472774648,94.76322976,Mango
33.33024826,45.61143594,6.953246506,98.28583013,Mango
27.78912455,53.96886679,5.643710216000001,91.01152997,Mango
31.65333432,48.20662669,6.392313972999999,91.09745581,Mango
29.75150773,46.73723302,4.981816523,91.40598299999999,Mango
31.32995611,50.22287593,5.421265282999999,89.78216168,Mango
35.63627319,48.97047762,6.942520105,97.51952041,Mango
31.66524687,51.98594645,5.435840509,89.98024312,Mango
32.26935342,53.56092806,5.870116071,95.94035356,Mango
27.81005614,51.59445462,4.74910393,95.89898581,Mango
34.58561471,50.34035336,5.4979468989999996,100.3060719,Mango
31.27180992,52.23810152,6.811291098,89.74409017,Mango
33.93679864,52.72170281,6.460542749,97.4611918,Mango
31.09154239,47.02058367,4.791146778,91.46664318,Mango
31.89356292,49.02450149,6.4841522000000005,89.59371481,Mango
32.45465292,50.69693751,6.526654345,95.04871605,Mango
35.47478322,47.97230503,6.279133738,97.79072474,Mango
27.32961444,49.30347234,6.052026047000001,93.53197359,Mango
30.90225239,49.95955487,5.73171945,91.77522598,Mango
29.09382275,45.566105900000004,5.32307197,96.23520043,Mango
30.02086169,46.78393776,4.66910839,96.63721027,Mango
34.13072188,51.25786185,5.101206389,96.38808001,Mango
33.44619894,53.05980465,5.339556562,98.05089394,Mango
35.391546399999996,52.48823147,5.061081874,91.22881052,Mango
31.53356352,53.06009323,5.821106036000001,98.57025046,Mango
30.764551500000003,47.93791463,5.956027059,90.38503469,Mango
30.01821337,50.09831810000001,5.676032581,96.08745082,Mango
31.32863689,47.59319575,6.524114355,94.67344737,Mango
33.88004781,54.39416048,6.2739536760000005,89.29147581,Mango
28.07802689,54.9640534,6.128167757000001,97.45373619,Mango
35.53845018,52.94641947,4.934964765,91.54560427,Mango
28.70595247,50.44030129,5.445008416,95.8946444,Mango
31.48451729,48.77926304,4.525722333,93.17221967,Mango
27.69819273,51.41593238,5.403908327999999,100.7720705,Mango
30.41235793,52.48100602,6.621623545,93.92375879,Mango
32.17752026,54.01352682,6.207495815,91.88766069,Mango
32.611261400000004,47.74916499,5.418475257000001,91.10190759,Mango
